plot,treatment,date,interval,exp_week,blade_length,blade_width,shoot_density,bps,lai
102,reference,1999-07-16,1,3,13.07,0.673,592,2.461,1.282
102,reference,1999-07-26,2,4,13.977,0.7,576,2.626,1.48
102,reference,1999-08-05,3,6,11.93,0.717,570.667,2.82,1.376
102,reference,1999-08-16,4,7,13.56,0.74,597.333,2.843,1.704
102,reference,1999-08-26,5,9,11.373,0.707,853.333,2.784,1.91
102,reference,1999-09-04,6,10,13.52,0.707,896,2.739,2.345
102,reference,1999-10-31,9,18,11.843,0.763,757.333,2.738,1.875
102,reference,1999-11-13,10,20,15.513,0.76,826.667,2.667,2.599
102,reference,1999-11-27,11,22,13.313,0.753,730.667,2.852,2.09
102,reference,1999-12-11,12,24,13.133,0.78,709.333,2.768,2.011
102,reference,1999-12-26,13,26,12.52,0.737,693.333,2.789,1.783
102,reference,2000-01-09,14,28,12.463,0.73,784,2.706,1.93
102,reference,2000-01-21,15,30,13.327,0.787,592,2.852,1.77
102,reference,2000-02-04,16,32,10.643,0.683,709.333,2.838,1.464
102,reference,2000-02-20,17,34,8.95,0.7,698.667,2.902,1.27
102,reference,2000-03-04,18,36,8.95,0.703,842.667,2.933,1.556
102,reference,2000-03-17,19,38,11.313,0.777,768,3.153,2.127
102,reference,2000-04-01,20,40,10.29,0.707,549.333,3.145,1.256
102,reference,2000-04-15,21,42,12.683,0.747,704,3.218,2.146
102,reference,2000-04-29,22,44,10.25,0.727,933.333,3.052,2.122
102,reference,2000-05-13,23,46,10.533,0.707,682.667,3.375,1.715
102,reference,2000-05-26,24,48,9.927,0.71,917.333,3.047,1.97
102,reference,2000-06-08,25,50,12.2,0.783,613.333,3.072,1.8
102,reference,2000-06-26,26,52,10.503,0.75,762.667,3.057,1.837
102,reference,2000-07-10,27,54,12.607,0.74,826.667,3.072,2.369
102,reference,2000-07-25,28,56,14.82,0.793,682.667,2.943,2.362
102,reference,2000-08-06,29,58,12.57,0.777,768,3.06,2.295
102,reference,2000-09-16,31,64,17.39,0.827,688,2.839,2.808
102,reference,2000-09-30,32,66,13.093,0.757,720,2.916,2.08
102,reference,2000-10-15,33,68,12.96,0.733,741.333,2.846,2.005
102,reference,2000-10-28,34,70,12.85,0.73,933.333,2.654,2.324
102,reference,2000-11-11,35,72,14.35,0.753,640,2.539,1.757
104,reference,1999-07-16,1,3,13.737,0.7,656,2.604,1.642
104,reference,1999-07-26,2,4,12.483,0.707,581.333,2.78,1.426
104,reference,1999-08-05,3,6,13.55,0.72,720,2.863,2.011
104,reference,1999-08-16,4,7,9.75,0.687,704,2.872,1.354
104,reference,1999-08-26,5,9,9.09,0.683,826.667,2.938,1.509
104,reference,1999-09-04,6,10,11.64,0.743,773.333,2.878,1.926
104,reference,1999-10-31,9,18,13.383,0.73,634.667,2.748,1.704
104,reference,1999-11-13,10,20,14.463,0.747,826.667,2.902,2.591
104,reference,1999-11-27,11,22,15.633,0.733,693.333,2.765,2.198
104,reference,1999-12-11,12,24,14.13,0.717,704,2.869,2.046
104,reference,1999-12-26,13,26,11.02,0.697,906.667,2.791,1.943
104,reference,2000-01-09,14,28,11.623,0.71,714.667,2.815,1.66
104,reference,2000-01-21,15,30,12.44,0.773,608,2.8,1.638
104,reference,2000-02-04,16,32,15.383,0.697,629.333,2.9,1.956
104,reference,2000-02-20,17,34,9.247,0.627,624,3.031,1.096
104,reference,2000-03-04,18,36,9.073,0.663,736,3.044,1.348
104,reference,2000-03-17,19,38,8.987,0.693,608,3.247,1.23
104,reference,2000-04-01,20,40,11.663,0.773,826.667,3.247,2.421
104,reference,2000-04-15,21,42,10.257,0.703,682.667,3.251,1.601
104,reference,2000-04-29,22,44,12.723,0.753,549.333,3.294,1.734
104,reference,2000-05-13,23,46,11.057,0.717,864,3.382,2.315
104,reference,2000-05-26,24,48,12.61,0.71,773.333,3.352,2.321
104,reference,2000-06-08,25,50,10.57,0.717,736,3.427,1.911
104,reference,2000-06-26,26,52,11.13,0.7,693.333,3.333,1.801
104,reference,2000-07-10,27,54,14.933,0.763,816,3.12,2.902
104,reference,2000-07-25,28,56,14.483,0.697,778.667,3.109,2.442
104,reference,2000-08-06,29,58,13.463,0.73,656,3.162,2.038
104,reference,2000-09-16,31,64,13.687,0.737,672,2.951,1.999
104,reference,2000-09-30,32,66,14.053,0.683,736,2.978,2.105
104,reference,2000-10-15,33,68,14.57,0.783,784,2.922,2.615
104,reference,2000-10-28,34,70,19.01,0.797,512,2.976,2.308
104,reference,2000-11-11,35,72,15.897,0.813,666.667,2.75,2.37
106,reference,1999-07-16,1,3,16.083,0.757,624,2.588,1.965
106,reference,1999-07-26,2,4,16.257,0.767,528,2.546,1.676
106,reference,1999-08-05,3,6,13.63,0.777,640,2.662,1.803
106,reference,1999-08-16,4,7,14.513,0.797,560,2.998,1.941
106,reference,1999-08-26,5,9,11.717,0.727,768,2.949,1.928
106,reference,1999-09-04,6,10,12.887,0.723,773.333,2.91,2.097
106,reference,1999-10-31,9,18,14.667,0.763,730.667,2.626,2.148
106,reference,1999-11-13,10,20,13.32,0.763,458.667,2.984,1.391
106,reference,1999-11-27,11,22,15.163,0.787,570.667,2.939,2.001
106,reference,1999-12-11,12,24,11.613,0.707,672,2.747,1.515
106,reference,1999-12-26,13,26,10.853,0.7,682.667,2.807,1.456
106,reference,2000-01-09,14,28,11.463,0.717,741.333,2.686,1.636
106,reference,2000-01-21,15,30,11.013,0.76,688,2.814,1.62
106,reference,2000-02-04,16,32,11.307,0.773,762.667,2.795,1.864
106,reference,2000-02-20,17,34,9.087,0.717,597.333,3.037,1.181
106,reference,2000-03-04,18,36,12.447,0.803,613.333,3.086,1.893
106,reference,2000-03-17,19,38,9.143,0.707,714.667,3.226,1.49
106,reference,2000-04-01,20,40,11.393,0.82,698.667,3.217,2.1
106,reference,2000-04-15,21,42,11.223,0.77,586.667,3.316,1.681
106,reference,2000-04-29,22,44,11.147,0.737,650.667,3.178,1.698
106,reference,2000-05-13,23,46,11.087,0.947,597.333,3.479,2.181
106,reference,2000-05-26,24,48,10.843,0.74,725.333,3.24,1.886
106,reference,2000-06-08,25,50,9.143,0.73,565.333,3.258,1.229
106,reference,2000-06-26,26,52,14.123,0.743,762.667,3.157,2.527
106,reference,2000-07-10,27,54,12.437,0.753,549.333,3.192,1.643
106,reference,2000-07-25,28,56,12.883,0.747,666.667,3.098,1.987
106,reference,2000-08-06,29,58,12.71,0.727,704,3.096,2.013
106,reference,2000-09-16,31,64,15.613,0.803,544,2.985,2.037
106,reference,2000-09-30,32,66,12.153,0.7,730.667,2.968,1.845
106,reference,2000-10-15,33,68,13.977,0.723,720,2.823,2.055
106,reference,2000-10-28,34,70,16.477,0.82,682.667,2.642,2.437
106,reference,2000-11-11,35,72,14.363,0.803,554.667,2.746,1.758
108,reference,1999-07-16,1,3,15.277,0.76,682.667,2.649,2.1
108,reference,1999-07-26,2,4,11.76,0.683,602.667,2.614,1.266
108,reference,1999-08-05,3,6,12.91,0.723,693.333,2.569,1.664
108,reference,1999-08-16,4,7,12.88,0.81,741.333,2.78,2.15
108,reference,1999-08-26,5,9,11.59,0.713,949.333,2.729,2.142
108,reference,1999-09-04,6,10,11.583,0.74,768,2.797,1.841
108,reference,1999-10-31,9,18,13.7,0.713,789.333,2.619,2.021
108,reference,1999-11-13,10,20,13.79,0.77,816,2.86,2.478
108,reference,1999-11-27,11,22,12.927,0.66,704,2.678,1.609
108,reference,1999-12-11,12,24,12.173,0.72,858.667,2.681,2.017
108,reference,1999-12-26,13,26,14.19,0.773,746.667,2.77,2.27
108,reference,2000-01-09,14,28,11.753,0.657,789.333,2.728,1.662
108,reference,2000-01-21,15,30,13.81,0.767,709.333,2.945,2.212
108,reference,2000-02-04,16,32,12.183,0.777,650.667,2.709,1.668
108,reference,2000-02-20,17,34,11.163,0.74,602.667,2.955,1.471
108,reference,2000-03-04,18,36,11.1,0.767,858.667,2.872,2.099
108,reference,2000-03-17,19,38,10.19,0.65,736,2.986,1.456
108,reference,2000-04-01,20,40,11.51,0.773,880,3.052,2.391
108,reference,2000-04-15,21,42,10.32,0.683,634.667,3.313,1.483
108,reference,2000-04-29,22,44,10.067,0.713,784,3.212,1.809
108,reference,2000-05-13,23,46,10.56,0.713,778.667,3.449,2.023
108,reference,2000-05-26,24,48,11.627,0.71,757.333,3.257,2.036
108,reference,2000-06-08,25,50,11.21,0.71,778.667,3.223,1.998
108,reference,2000-06-26,26,52,12.01,0.757,901.333,3.211,2.63
108,reference,2000-07-10,27,54,11.263,0.71,698.667,2.901,1.621
108,reference,2000-07-25,28,56,13.41,0.773,661.333,3.101,2.127
108,reference,2000-08-06,29,58,13.09,0.773,762.667,2.931,2.263
108,reference,2000-09-16,31,64,14.71,0.797,810.667,2.72,2.584
108,reference,2000-09-30,32,66,13.023,0.72,762.667,2.818,2.015
108,reference,2000-10-15,33,68,13.283,0.717,794.667,2.778,2.101
108,reference,2000-10-28,34,70,13.573,0.713,634.667,2.802,1.722
108,reference,2000-11-11,35,72,14.083,0.797,709.333,2.539,2.02
110,reference,1999-07-16,1,3,15.197,0.713,629.333,2.456,1.675
110,reference,1999-07-26,2,4,14.313,0.743,714.667,2.284,1.737
110,reference,1999-08-05,3,6,15.323,0.767,821.333,2.408,2.323
110,reference,1999-08-16,4,7,10.96,0.677,954.667,2.557,1.81
110,reference,1999-08-26,5,9,11.467,0.713,1040,2.609,2.219
110,reference,1999-09-04,6,10,13.13,0.73,736,2.586,1.825
110,reference,1999-10-31,9,18,12.467,0.747,917.333,2.436,2.08
110,reference,1999-11-13,10,20,14.31,0.763,922.667,2.638,2.659
110,reference,1999-11-27,11,22,13.78,0.657,1024,2.581,2.392
110,reference,1999-12-11,12,24,13.69,0.743,949.333,2.434,2.351
110,reference,1999-12-26,13,26,12.853,0.733,709.333,2.643,1.767
110,reference,2000-01-09,14,28,10.917,0.707,1045.333,2.594,2.092
110,reference,2000-01-21,15,30,13.273,0.807,928,2.603,2.586
110,reference,2000-02-04,16,32,11.353,0.73,922.667,2.729,2.087
110,reference,2000-02-20,17,34,8.82,0.66,810.667,2.73,1.288
110,reference,2000-03-04,18,36,9.123,0.7,800,2.857,1.46
110,reference,2000-03-17,19,38,9.88,0.747,890.667,2.753,1.809
110,reference,2000-04-01,20,40,10.187,0.73,778.667,3.025,1.752
110,reference,2000-04-15,21,42,9.27,0.707,912,3.121,1.865
110,reference,2000-04-29,22,44,11.48,0.703,768,3.041,1.886
110,reference,2000-05-13,23,46,9.787,0.717,842.667,2.931,1.732
110,reference,2000-05-26,24,48,11.377,0.74,794.667,3.07,2.054
110,reference,2000-06-08,25,50,11.267,0.707,933.333,3.038,2.258
110,reference,2000-06-26,26,52,12.72,0.807,938.667,2.772,2.67
110,reference,2000-07-10,27,54,11.393,0.71,1050.667,2.788,2.37
110,reference,2000-07-25,28,56,12.063,0.787,912,2.936,2.541
110,reference,2000-08-06,29,58,13.673,0.733,981.333,2.801,2.757
110,reference,2000-09-16,31,64,14.553,0.813,1013.333,2.648,3.176
110,reference,2000-09-30,32,66,15.247,0.757,1029.333,2.693,3.198
110,reference,2000-10-15,33,68,13.403,0.817,1018.667,2.624,2.925
110,reference,2000-10-28,34,70,12.063,0.683,1072,2.438,2.154
110,reference,2000-11-11,35,72,14.493,0.777,944,2.39,2.54
112,reference,1999-07-16,1,3,10.523,0.717,592,2.875,1.284
112,reference,1999-07-26,2,4,11.643,0.697,565.333,2.83,1.298
112,reference,1999-08-05,3,6,14.77,0.723,682.667,3.031,2.21
112,reference,1999-08-16,4,7,11.213,0.707,810.667,2.982,1.915
112,reference,1999-08-26,5,9,12.887,0.753,741.333,3.221,2.318
112,reference,1999-09-04,6,10,11.087,0.723,554.667,3.018,1.342
112,reference,1999-10-31,9,18,11.54,0.737,405.333,2.913,1.004
112,reference,1999-11-13,10,20,12.92,0.67,602.667,3.019,1.575
112,reference,1999-11-27,11,22,15.103,0.753,656,3.042,2.271
112,reference,1999-12-11,12,24,11.143,0.683,549.333,2.777,1.161
112,reference,1999-12-26,13,26,11.167,0.703,501.333,2.974,1.171
112,reference,2000-01-09,14,28,11.363,0.677,677.333,2.711,1.412
112,reference,2000-01-21,15,30,10.043,0.677,709.333,2.89,1.393
112,reference,2000-02-04,16,32,10.64,0.693,618.667,2.997,1.368
112,reference,2000-02-20,17,34,10.15,0.663,672,3.013,1.363
112,reference,2000-03-04,18,36,10.75,0.697,624,3.165,1.479
112,reference,2000-03-17,19,38,10.33,0.673,730.667,3.161,1.607
112,reference,2000-04-01,20,40,8.427,0.65,682.667,3.22,1.204
112,reference,2000-04-15,21,42,12.067,0.697,714.667,3.535,2.124
112,reference,2000-04-29,22,44,9.76,0.66,613.333,3.589,1.418
112,reference,2000-05-13,23,46,11.107,0.73,554.667,3.419,1.538
112,reference,2000-05-26,24,48,10.357,0.67,661.333,3.519,1.615
112,reference,2000-06-08,25,50,9.057,0.68,560,3.404,1.174
112,reference,2000-06-26,26,52,13.867,0.77,661.333,3.359,2.372
112,reference,2000-07-10,27,54,13.27,0.747,640,3.123,1.98
112,reference,2000-07-25,28,56,11.74,0.677,576,3.261,1.492
112,reference,2000-08-06,29,58,13.967,0.78,400,3.119,1.359
112,reference,2000-09-16,31,64,14.23,0.793,512,2.852,1.649
112,reference,2000-09-30,32,66,14.96,0.7,741.333,2.837,2.202
112,reference,2000-10-15,33,68,15.83,0.79,645.333,2.948,2.379
112,reference,2000-10-28,34,70,12.267,0.687,709.333,2.677,1.599
112,reference,2000-11-11,35,72,12.15,0.69,714.667,2.73,1.635
114,reference,1999-07-16,1,3,12.507,0.673,565.333,2.909,1.385
114,reference,1999-07-26,2,4,12.47,0.75,490.667,2.868,1.316
114,reference,1999-08-05,3,6,14.443,0.773,565.333,2.96,1.869
114,reference,1999-08-16,4,7,14.937,0.763,634.667,3.065,2.218
114,reference,1999-08-26,5,9,10.84,0.703,602.667,3.147,1.446
114,reference,1999-09-04,6,10,12.203,0.667,634.667,2.886,1.49
114,reference,1999-10-31,9,18,11.85,0.687,544,3.008,1.331
114,reference,1999-11-13,10,20,15.303,0.77,602.667,2.921,2.074
114,reference,1999-11-27,11,22,11.84,0.7,586.667,2.651,1.289
114,reference,1999-12-11,12,24,14.527,0.767,645.333,2.758,1.982
114,reference,1999-12-26,13,26,12.733,0.697,682.667,2.732,1.654
114,reference,2000-01-09,14,28,11.517,0.68,602.667,2.855,1.347
114,reference,2000-01-21,15,30,12.483,0.72,826.667,2.965,2.203
114,reference,2000-02-04,16,32,11.84,0.7,586.667,3.004,1.461
114,reference,2000-02-20,17,34,10.927,0.687,624,3.051,1.429
114,reference,2000-03-04,18,36,11.05,0.74,672,3.071,1.688
114,reference,2000-03-17,19,38,9.61,0.66,522.667,2.979,0.988
114,reference,2000-04-01,20,40,11.003,0.737,618.667,3.238,1.624
114,reference,2000-04-15,21,42,9.3,0.657,629.333,3.24,1.245
114,reference,2000-04-29,22,44,11.537,0.71,602.667,3.2,1.58
114,reference,2000-05-13,23,46,10.083,0.69,602.667,3.46,1.451
114,reference,2000-05-26,24,48,10.15,0.677,512,3.308,1.163
114,reference,2000-06-08,25,50,11.05,0.74,736,3.389,2.039
114,reference,2000-06-26,26,52,11.213,0.737,549.333,3.038,1.378
114,reference,2000-07-10,27,54,12.447,0.717,789.333,2.954,2.08
114,reference,2000-07-25,28,56,12.863,0.713,581.333,3.292,1.756
114,reference,2000-08-06,29,58,16.19,0.78,656,2.971,2.461
114,reference,2000-09-16,31,64,13.09,0.73,789.333,2.773,2.092
114,reference,2000-09-30,32,66,16,0.727,757.333,2.746,2.418
114,reference,2000-10-15,33,68,13.91,0.713,634.667,2.621,1.651
114,reference,2000-10-28,34,70,15.33,0.72,629.333,2.704,1.878
114,reference,2000-11-11,35,72,15.597,0.787,602.667,2.492,1.842
116,reference,1999-07-16,1,3,8.14,0.627,469.333,2.86,0.685
116,reference,1999-07-26,2,4,13.837,0.677,613.333,2.935,1.686
116,reference,1999-08-05,3,6,9.93,0.607,565.333,2.998,1.021
116,reference,1999-08-16,4,7,14.387,0.74,773.333,2.935,2.416
116,reference,1999-08-26,5,9,10.037,0.627,832,3.015,1.578
116,reference,1999-09-04,6,10,10.44,0.663,800,2.937,1.627
116,reference,1999-10-31,9,18,10.017,0.64,1098.667,2.678,1.886
116,reference,1999-11-13,10,20,11.713,0.693,773.333,2.828,1.776
116,reference,1999-11-27,11,22,11.08,0.617,736,2.794,1.405
116,reference,1999-12-11,12,24,12.143,0.71,954.667,2.639,2.172
116,reference,1999-12-26,13,26,11.567,0.683,720,2.669,1.519
116,reference,2000-01-09,14,28,9.993,0.58,800,2.839,1.316
116,reference,2000-01-21,15,30,10.827,0.653,794.667,2.814,1.582
116,reference,2000-02-04,16,32,12.123,0.657,858.667,2.78,1.9
116,reference,2000-02-20,17,34,8.56,0.653,960,3.007,1.614
116,reference,2000-03-04,18,36,10.143,0.677,768,3.159,1.665
116,reference,2000-03-17,19,38,10.207,0.69,725.333,3.285,1.678
116,reference,2000-04-01,20,40,10.183,0.657,773.333,3.468,1.793
116,reference,2000-04-15,21,42,12.13,0.647,773.333,3.253,1.973
116,reference,2000-04-29,22,44,11.693,0.717,656,3.414,1.877
116,reference,2000-05-13,23,46,10.007,0.623,730.667,3.554,1.62
116,reference,2000-05-26,24,48,10.14,0.613,618.667,3.57,1.374
116,reference,2000-06-08,25,50,11.737,0.707,768,3.632,2.313
116,reference,2000-06-26,26,52,11.707,0.7,949.333,2.994,2.329
116,reference,2000-07-10,27,54,13.463,0.7,890.667,2.901,2.435
116,reference,2000-07-25,28,56,11.48,0.69,858.667,3.124,2.125
116,reference,2000-08-06,29,58,11.83,0.683,938.667,2.963,2.248
116,reference,2000-09-16,31,64,14.92,0.747,725.333,2.985,2.412
116,reference,2000-09-30,32,66,14.823,0.707,666.667,2.811,1.963
116,reference,2000-10-15,33,68,10.09,0.663,1056,2.621,1.852
116,reference,2000-10-28,34,70,10.757,0.647,890.667,2.683,1.662
116,reference,2000-11-11,35,72,10.463,0.647,885.333,2.643,1.583
118,reference,1999-07-16,1,3,9.01,0.586,448,2.816,0.666
118,reference,1999-07-26,2,4,12.767,0.71,629.333,2.768,1.579
118,reference,1999-08-05,3,6,10.863,0.7,602.667,2.995,1.372
118,reference,1999-08-16,4,7,11.863,0.71,602.667,2.882,1.463
118,reference,1999-08-26,5,9,9.577,0.703,944,2.905,1.847
118,reference,1999-09-04,6,10,12.597,0.737,725.333,2.625,1.766
118,reference,1999-10-31,9,18,14.327,0.76,794.667,2.794,2.418
118,reference,1999-11-13,10,20,12.223,0.683,661.333,2.803,1.548
118,reference,1999-11-27,11,22,13.933,0.713,650.667,2.898,1.874
118,reference,1999-12-11,12,24,12.113,0.733,757.333,2.512,1.69
118,reference,1999-12-26,13,26,13.577,0.727,656,2.78,1.799
118,reference,2000-01-09,14,28,11.74,0.717,970.667,2.646,2.161
118,reference,2000-01-21,15,30,9.387,0.713,560,2.895,1.085
118,reference,2000-02-04,16,32,8.55,0.683,805.333,2.982,1.403
118,reference,2000-02-20,17,34,10.943,0.693,704,2.928,1.564
118,reference,2000-03-04,18,36,10.053,0.72,810.667,3.088,1.812
118,reference,2000-03-17,19,38,10.133,0.72,661.333,3.162,1.525
118,reference,2000-04-01,20,40,7.457,0.64,442.667,3.074,0.649
118,reference,2000-04-15,21,42,11.51,0.737,736,3.238,2.02
118,reference,2000-04-29,22,44,11.92,0.723,944,3.236,2.634
118,reference,2000-05-13,23,46,10.82,0.743,698.667,3.341,1.878
118,reference,2000-05-26,24,48,13.01,0.777,469.333,3.399,1.612
118,reference,2000-06-08,25,50,10,0.697,752,3.417,1.79
118,reference,2000-06-26,26,52,10.19,0.643,778.667,3.045,1.554
118,reference,2000-07-10,27,54,13.557,0.727,773.333,3.026,2.305
118,reference,2000-07-25,28,56,17.027,0.7,778.667,3.082,2.86
118,reference,2000-08-06,29,58,11.49,0.66,794.667,2.969,1.789
118,reference,2000-09-16,31,64,12.18,0.763,544,3.002,1.518
118,reference,2000-09-30,32,66,10.177,0.727,666.667,2.95,1.455
118,reference,2000-10-15,33,68,12.587,0.733,821.333,2.777,2.105
118,reference,2000-10-28,34,70,8.907,0.697,517.333,2.745,0.881
118,reference,2000-11-11,35,72,14.207,0.713,928,2.405,2.262
120,reference,1999-07-16,1,3,10.523,0.71,533.333,2.683,1.069
120,reference,1999-07-26,2,4,13.56,0.71,538.667,2.938,1.524
120,reference,1999-08-05,3,6,13.897,0.78,714.667,2.942,2.279
120,reference,1999-08-16,4,7,14.207,0.71,837.333,2.918,2.465
120,reference,1999-08-26,5,9,11.957,0.71,826.667,3.002,2.107
120,reference,1999-09-04,6,10,10.59,0.75,837.333,2.914,1.938
120,reference,1999-10-31,9,18,11.537,0.74,880,2.919,2.193
120,reference,1999-11-13,10,20,11.48,0.657,624,2.74,1.289
120,reference,1999-11-27,11,22,12.553,0.733,800,2.851,2.1
120,reference,1999-12-11,12,24,11.503,0.713,736,2.623,1.584
120,reference,1999-12-26,13,26,11.99,0.713,762.667,2.605,1.699
120,reference,2000-01-09,14,28,9.41,0.65,528,2.766,0.893
120,reference,2000-01-21,15,30,11.11,0.677,709.333,2.769,1.477
120,reference,2000-02-04,16,32,11.223,0.713,869.333,2.696,1.877
120,reference,2000-02-20,17,34,11.693,0.713,629.333,3.011,1.581
120,reference,2000-03-04,18,36,8.033,0.643,304,3.111,0.489
120,reference,2000-03-17,19,38,9.617,0.687,730.667,2.979,1.437
120,reference,2000-04-01,20,40,12.027,0.747,826.667,3.31,2.457
120,reference,2000-04-15,21,42,10.3,0.7,762.667,3.279,1.803
120,reference,2000-04-29,22,44,8.863,0.703,752,3.248,1.523
120,reference,2000-05-13,23,46,11.603,0.75,618.667,3.243,1.746
120,reference,2000-05-26,24,48,12.153,0.72,661.333,3.358,1.944
120,reference,2000-06-08,25,50,8.577,0.683,650.667,3.307,1.261
120,reference,2000-06-26,26,52,14.803,0.797,746.667,3.32,2.923
120,reference,2000-07-10,27,54,15.897,0.78,688,3.155,2.692
120,reference,2000-07-25,28,56,12.673,0.727,837.333,2.973,2.293
120,reference,2000-08-06,29,58,13.343,0.773,645.333,3.192,2.126
120,reference,2000-09-16,31,64,14.793,0.773,869.333,2.787,2.772
120,reference,2000-09-30,32,66,13.503,0.74,709.333,2.918,2.068
120,reference,2000-10-15,33,68,15.53,0.773,890.667,2.552,2.73
120,reference,2000-10-28,34,70,12.347,0.727,704,2.637,1.666
120,reference,2000-11-11,35,72,14.053,0.743,810.667,2.524,2.137
122,reference,1999-07-16,1,3,14.143,0.703,405.333,2.854,1.151
122,reference,1999-07-26,2,4,13.107,0.723,458.667,2.756,1.198
122,reference,1999-08-05,3,6,12.39,0.703,512,2.978,1.329
122,reference,1999-08-16,4,7,9.697,0.713,341.333,3.353,0.792
122,reference,1999-08-26,5,9,11.7,0.69,549.333,2.846,1.262
122,reference,1999-09-04,6,10,10.81,0.71,421.333,2.956,0.956
122,reference,1999-10-31,9,18,13.94,0.67,453.333,3.031,1.283
122,reference,1999-11-13,10,20,13.777,0.68,565.333,2.947,1.561
122,reference,1999-11-27,11,22,10.38,0.707,261.333,3.029,0.581
122,reference,1999-12-11,12,24,10.983,0.68,330.667,3.032,0.749
122,reference,1999-12-26,13,26,11.54,0.643,410.667,2.688,0.82
122,reference,2000-01-09,14,28,13.547,0.677,416,3.011,1.148
122,reference,2000-01-21,15,30,11.217,0.603,442.667,2.983,0.894
122,reference,2000-02-04,16,32,8.753,0.64,330.667,2.966,0.549
122,reference,2000-02-20,17,34,10.227,0.63,352,2.833,0.643
122,reference,2000-03-04,18,36,12.14,0.697,437.333,3.183,1.177
122,reference,2000-03-17,19,38,12.703,0.677,389.333,3.229,1.08
122,reference,2000-04-01,20,40,10.753,0.69,480,3.477,1.238
122,reference,2000-04-15,21,42,12.75,0.72,400,3.73,1.37
122,reference,2000-04-29,22,44,12.367,0.67,373.333,3.987,1.233
122,reference,2000-05-13,23,46,9.82,0.65,352,3.553,0.798
122,reference,2000-05-26,24,48,13.257,0.673,400,3.631,1.296
122,reference,2000-06-08,25,50,12.183,0.693,453.333,3.421,1.31
122,reference,2000-06-26,26,52,15.26,0.733,405.333,3.141,1.425
122,reference,2000-07-10,27,54,12.053,0.657,421.333,3.172,1.058
122,reference,2000-07-25,28,56,10.73,0.75,389.333,3.231,1.012
122,reference,2000-08-06,29,58,13.247,0.773,373.333,2.909,1.113
122,reference,2000-09-16,31,64,13.92,0.703,565.333,3.009,1.665
122,reference,2000-09-30,32,66,14.19,0.78,378.667,2.959,1.24
122,reference,2000-10-15,33,68,14.493,0.82,496,2.763,1.629
122,reference,2000-10-28,34,70,14.12,0.803,421.333,2.907,1.389
122,reference,2000-11-11,35,72,12.527,0.72,517.333,2.972,1.387
124,reference,1999-07-16,1,3,12.677,0.653,640,2.781,1.474
124,reference,1999-07-26,2,4,10.723,0.667,469.333,2.971,0.997
124,reference,1999-08-05,3,6,11.04,0.713,613.333,2.993,1.446
124,reference,1999-08-16,4,7,12.147,0.72,768,2.997,2.013
124,reference,1999-08-26,5,9,10.157,0.69,672,2.975,1.401
124,reference,1999-09-04,6,10,11.777,0.703,560,2.872,1.332
124,reference,1999-10-31,9,18,12.533,0.657,725.333,2.966,1.771
124,reference,1999-11-13,10,20,13.623,0.69,613.333,3.085,1.779
124,reference,1999-11-27,11,22,13.333,0.643,789.333,2.928,1.982
124,reference,1999-12-11,12,24,9.72,0.627,554.667,2.828,0.956
124,reference,1999-12-26,13,26,11.89,0.677,496,3.008,1.2
124,reference,2000-01-09,14,28,9.497,0.67,480,2.906,0.888
124,reference,2000-01-21,15,30,8.783,0.7,661.333,2.944,1.197
124,reference,2000-02-04,16,32,10.087,0.67,629.333,2.839,1.207
124,reference,2000-02-20,17,34,9.653,0.677,464,2.955,0.896
124,reference,2000-03-04,18,36,8.293,0.653,608,3.264,1.075
124,reference,2000-03-17,19,38,10.98,0.703,672,3.026,1.57
124,reference,2000-04-01,20,40,9.763,0.67,448,3.618,1.06
124,reference,2000-04-15,21,42,10.217,0.653,773.333,3.436,1.773
124,reference,2000-04-29,22,44,9.163,0.713,725.333,3.547,1.682
124,reference,2000-05-13,23,46,10,0.657,645.333,3.322,1.408
124,reference,2000-05-26,24,48,10.517,0.677,597.333,3.548,1.508
124,reference,2000-06-08,25,50,10.313,0.663,624,3.572,1.525
124,reference,2000-06-26,26,52,10.377,0.663,597.333,3.139,1.291
124,reference,2000-07-10,27,54,12.073,0.727,720,3.057,1.931
124,reference,2000-07-25,28,56,11.267,0.707,650.667,3.194,1.655
124,reference,2000-08-06,29,58,11.353,0.717,586.667,3.161,1.509
124,reference,2000-09-16,31,64,14.42,0.72,602.667,3.179,1.989
124,reference,2000-09-30,32,66,13.103,0.727,720,3.082,2.113
124,reference,2000-10-15,33,68,12.137,0.73,506.667,2.982,1.339
124,reference,2000-10-28,34,70,15.167,0.753,709.333,2.783,2.255
124,reference,2000-11-11,35,72,15.527,0.813,464,3.025,1.772
126,reference,1999-07-16,1,3,12.145,0.762,309.333,2.931,0.839
126,reference,1999-07-26,2,4,11.07,0.697,309.333,3.25,0.775
126,reference,1999-08-05,3,6,10.443,0.697,501.333,3.074,1.121
126,reference,1999-08-16,4,7,11.867,0.713,442.667,3.297,1.236
126,reference,1999-08-26,5,9,14.857,0.757,389.333,3.283,1.437
126,reference,1999-09-04,6,10,12.857,0.68,346.667,3.248,0.984
126,reference,1999-10-31,9,18,11.757,0.673,368,2.835,0.826
126,reference,1999-11-13,10,20,12.063,0.69,368,3.034,0.929
126,reference,1999-11-27,11,22,12.657,0.737,405.333,3.181,1.202
126,reference,1999-12-11,12,24,10.18,0.68,378.667,2.996,0.785
126,reference,1999-12-26,13,26,10.577,0.71,464,3.042,1.06
126,reference,2000-01-09,14,28,9.527,0.693,448,2.845,0.842
126,reference,2000-01-21,15,30,10.383,0.67,341.333,2.844,0.675
126,reference,2000-02-04,16,32,8.877,0.7,373.333,3.108,0.721
126,reference,2000-02-20,17,34,9.693,0.7,405.333,2.968,0.816
126,reference,2000-03-04,18,36,12.55,0.683,378.667,3.313,1.076
126,reference,2000-03-17,19,38,10.027,0.663,405.333,3.146,0.848
126,reference,2000-04-01,20,40,9.937,0.64,378.667,3.586,0.863
126,reference,2000-04-15,21,42,9.347,0.65,400,3.288,0.799
126,reference,2000-04-29,22,44,11.253,0.723,448,3.531,1.288
126,reference,2000-05-13,23,46,8.92,0.71,357.333,3.575,0.809
126,reference,2000-05-26,24,48,9.96,0.733,421.333,3.433,1.057
126,reference,2000-06-08,25,50,10.653,0.697,378.667,3.286,0.923
126,reference,2000-06-26,26,52,11.163,0.727,400,3.284,1.066
126,reference,2000-07-10,27,54,12.04,0.677,405.333,3.295,1.088
126,reference,2000-07-25,28,56,9.547,0.717,309.333,3.173,0.671
126,reference,2000-08-06,29,58,13.117,0.697,517.333,3.094,1.463
126,reference,2000-09-16,31,64,13.39,0.707,346.667,3.32,1.089
126,reference,2000-09-30,32,66,10.877,0.71,346.667,3.065,0.821
126,reference,2000-10-15,33,68,14.237,0.757,352,3.067,1.163
126,reference,2000-10-28,34,70,13.993,0.763,368,3.094,1.216
126,reference,2000-11-11,35,72,11.12,0.77,496,2.871,1.219
128,reference,1999-07-16,1,3,11.845,0.703,570.667,2.889,1.374
128,reference,1999-07-26,2,4,12.35,0.693,698.667,2.678,1.602
128,reference,1999-08-05,3,6,11.08,0.74,629.333,2.98,1.538
128,reference,1999-08-16,4,7,10.947,0.71,581.333,3.036,1.372
128,reference,1999-08-26,5,9,12.397,0.713,890.667,2.834,2.232
128,reference,1999-09-04,6,10,12.75,0.71,762.667,2.787,1.924
128,reference,1999-10-31,9,18,12.463,0.65,517.333,3.064,1.284
128,reference,1999-11-13,10,20,11.897,0.653,666.667,2.769,1.435
128,reference,1999-11-27,11,22,13.353,0.703,618.667,2.789,1.62
128,reference,1999-12-11,12,24,13.767,0.687,693.333,2.633,1.726
128,reference,1999-12-26,13,26,11.99,0.683,714.667,2.872,1.682
128,reference,2000-01-09,14,28,10.34,0.693,597.333,2.813,1.205
128,reference,2000-01-21,15,30,8.37,0.643,682.667,2.782,1.022
128,reference,2000-02-04,16,32,10.187,0.7,608,2.922,1.267
128,reference,2000-02-20,17,34,9.527,0.693,709.333,2.932,1.374
128,reference,2000-03-04,18,36,9.12,0.63,597.333,3.155,1.083
128,reference,2000-03-17,19,38,9.85,0.647,656,3.249,1.357
128,reference,2000-04-01,20,40,11.473,0.69,624,3.448,1.703
128,reference,2000-04-15,21,42,9.157,0.643,618.667,3.324,1.211
128,reference,2000-04-29,22,44,10.907,0.687,677.333,3.42,1.735
128,reference,2000-05-13,23,46,11.51,0.72,736,3.364,2.052
128,reference,2000-05-26,24,48,10.207,0.68,677.333,3.522,1.656
128,reference,2000-06-08,25,50,9.603,0.713,672,3.223,1.484
128,reference,2000-06-26,26,52,10.077,0.7,624,3.08,1.356
128,reference,2000-07-10,27,54,12.35,0.68,693.333,3.104,1.807
128,reference,2000-07-25,28,56,10.46,0.68,677.333,3.062,1.475
128,reference,2000-08-06,29,58,14.983,0.72,752,2.944,2.388
128,reference,2000-09-16,31,64,13.593,0.73,725.333,2.913,2.097
128,reference,2000-09-30,32,66,13.46,0.743,688,3.018,2.078
128,reference,2000-10-15,33,68,12.043,0.71,634.667,2.864,1.554
128,reference,2000-10-28,34,70,13.62,0.713,826.667,2.627,2.11
128,reference,2000-11-11,35,72,12.78,0.707,784,2.681,1.898
130,reference,1999-07-16,1,3,13.377,0.723,672,2.857,1.858
130,reference,1999-07-26,2,4,10.387,0.71,565.333,2.971,1.238
130,reference,1999-08-05,3,6,11.977,0.743,736,3.026,1.983
130,reference,1999-08-16,4,7,12.14,0.727,757.333,3.022,2.019
130,reference,1999-08-26,5,9,9.8,0.733,821.333,3.129,1.847
130,reference,1999-09-04,6,10,13.513,0.767,826.667,2.943,2.52
130,reference,1999-10-31,9,18,14.64,0.747,629.333,2.993,2.059
130,reference,1999-11-13,10,20,12.61,0.697,714.667,2.927,1.838
130,reference,1999-11-27,11,22,12.243,0.727,730.667,2.958,1.923
130,reference,1999-12-11,12,24,11.36,0.66,784,2.806,1.649
130,reference,1999-12-26,13,26,11.05,0.653,762.667,2.766,1.523
130,reference,2000-01-09,14,28,9.037,0.667,805.333,2.764,1.341
130,reference,2000-01-21,15,30,7.703,0.62,848,2.949,1.195
130,reference,2000-02-04,16,32,12.317,0.743,698.667,2.979,1.906
130,reference,2000-02-20,17,34,10.25,0.69,976,3.035,2.095
130,reference,2000-03-04,18,36,8.957,0.7,624,3.208,1.255
130,reference,2000-03-17,19,38,9.92,0.68,842.667,3.083,1.752
130,reference,2000-04-01,20,40,9.45,0.69,762.667,3.537,1.759
130,reference,2000-04-15,21,42,9.827,0.67,720,3.466,1.643
130,reference,2000-04-29,22,44,11.153,0.733,741.333,3.371,2.044
130,reference,2000-05-13,23,46,12.077,0.743,837.333,3.371,2.534
130,reference,2000-05-26,24,48,10.77,0.697,602.667,3.437,1.554
130,reference,2000-06-08,25,50,9.583,0.68,576,3.58,1.344
130,reference,2000-06-26,26,52,11.083,0.71,773.333,3.299,2.008
130,reference,2000-07-10,27,54,10.997,0.687,661.333,3.094,1.545
130,reference,2000-07-25,28,56,13.417,0.763,906.667,3.017,2.801
130,reference,2000-08-06,29,58,12.397,0.75,880,2.833,2.318
130,reference,2000-09-16,31,64,12.953,0.76,816,2.963,2.38
130,reference,2000-09-30,32,66,14.03,0.77,880,2.943,2.798
130,reference,2000-10-15,33,68,13.857,0.71,933.333,2.875,2.64
130,reference,2000-10-28,34,70,14.303,0.72,853.333,2.886,2.536
130,reference,2000-11-11,35,72,12.787,0.767,629.333,2.816,1.737
101,summer,1999-07-16,1,3,14.277,0.737,533.333,2.697,1.513
101,summer,1999-08-05,3,6,3.677,0.617,506.667,2.206,0.253
101,summer,1999-08-16,4,7,2.29,0.703,666.667,2.743,0.295
101,summer,1999-08-26,5,9,1.197,0.74,538.667,2.652,0.127
101,summer,1999-09-04,6,10,2.937,0.677,490.667,2.79,0.272
101,summer,1999-10-31,9,18,1.753,0.583,629.333,2.873,0.185
101,summer,1999-11-13,10,20,1.537,0.573,720,3.13,0.199
101,summer,1999-11-27,11,22,3.773,0.633,554.667,2.895,0.384
101,summer,1999-12-11,12,24,2.81,0.643,586.667,2.821,0.299
101,summer,1999-12-26,13,26,1.647,0.59,608,2.966,0.175
101,summer,2000-01-09,14,28,4.453,0.62,634.667,3.016,0.529
101,summer,2000-01-21,15,30,1.913,0.573,613.333,3,0.202
101,summer,2000-02-04,16,32,3.883,0.573,688,2.741,0.42
101,summer,2000-02-20,17,34,6.26,0.653,512,3.168,0.663
101,summer,2000-03-04,18,36,3.82,0.61,704,3.085,0.506
101,summer,2000-03-17,19,38,2.22,0.593,794.667,3.237,0.339
101,summer,2000-04-01,20,40,4.003,0.583,586.667,3.471,0.476
101,summer,2000-04-15,21,42,2.197,0.643,570.667,3.28,0.265
101,summer,2000-04-29,22,44,4.483,0.57,586.667,3.284,0.492
101,summer,2000-05-13,23,46,2.85,0.663,656,3.47,0.43
101,summer,2000-05-26,24,48,2.46,0.577,474.667,3.43,0.231
101,summer,2000-06-08,25,50,5.347,0.623,528,3.4,0.598
101,summer,2000-06-26,26,52,4.543,0.64,720,3.159,0.661
101,summer,2000-07-10,27,54,1.953,0.63,661.333,2.972,0.242
101,summer,2000-07-25,28,56,3.897,0.573,554.667,3.112,0.386
101,summer,2000-08-06,29,58,4.37,0.567,661.333,2.996,0.491
101,summer,2000-09-16,31,64,2.177,0.567,442.667,2.967,0.162
101,summer,2000-09-30,32,66,5.443,0.63,570.667,3.063,0.599
101,summer,2000-10-15,33,68,4.437,0.637,586.667,2.907,0.482
101,summer,2000-10-28,34,70,2.753,0.61,704,2.81,0.332
101,summer,2000-11-11,35,72,4.277,0.6,469.333,2.9,0.349
103,summer,1999-07-16,1,3,12.863,0.677,586.667,2.475,1.264
103,summer,1999-08-05,3,6,4.383,0.717,666.667,2.264,0.474
103,summer,1999-08-16,4,7,2.86,0.65,528,2.628,0.258
103,summer,1999-08-26,5,9,1.087,0.62,720,2.632,0.128
103,summer,1999-09-04,6,10,2.963,0.583,549.333,2.903,0.276
103,summer,1999-10-31,9,18,1.567,0.637,725.333,2.777,0.201
103,summer,1999-11-13,10,20,1.58,0.64,720,3.06,0.223
103,summer,1999-11-27,11,22,3.323,0.61,666.667,2.826,0.382
103,summer,1999-12-11,12,24,3.037,0.623,682.667,2.799,0.362
103,summer,1999-12-26,13,26,1.807,0.573,640,2.888,0.191
103,summer,2000-01-09,14,28,3.593,0.587,736,2.957,0.459
103,summer,2000-01-21,15,30,1.817,0.567,656,3.099,0.209
103,summer,2000-02-04,16,32,3.833,0.58,592,3.119,0.411
103,summer,2000-02-20,17,34,5.173,0.56,693.333,3.148,0.632
103,summer,2000-03-04,18,36,3.833,0.523,688,3.264,0.451
103,summer,2000-03-17,19,38,1.907,0.553,608,3.332,0.214
103,summer,2000-04-01,20,40,4.447,0.597,709.333,3.354,0.631
103,summer,2000-04-15,21,42,1.923,0.587,661.333,3.496,0.261
103,summer,2000-04-29,22,44,4.553,0.563,629.333,3.221,0.52
103,summer,2000-05-13,23,46,3.07,0.597,698.667,3.462,0.443
103,summer,2000-05-26,24,48,2.397,0.59,554.667,3.317,0.26
103,summer,2000-06-08,25,50,4.44,0.537,597.333,3.077,0.438
103,summer,2000-06-26,26,52,4.99,0.627,544,3.156,0.537
103,summer,2000-07-10,27,54,9.867,0.603,549.333,3.06,1.001
103,summer,2000-07-25,28,56,4.437,0.593,704,3.028,0.561
103,summer,2000-08-06,29,58,4.733,0.587,800,2.922,0.649
103,summer,2000-09-16,31,64,2.23,0.54,586.667,2.893,0.204
103,summer,2000-09-30,32,66,5.863,0.627,549.333,3.01,0.608
103,summer,2000-10-15,33,68,4.997,0.567,570.667,2.93,0.473
103,summer,2000-10-28,34,70,2.913,0.643,538.667,2.814,0.284
103,summer,2000-11-11,35,72,4.523,0.607,714.667,2.787,0.547
105,summer,1999-07-16,1,3,13.157,0.757,693.333,2.51,1.732
105,summer,1999-08-05,3,6,3.48,0.673,778.667,2.094,0.382
105,summer,1999-08-16,4,7,1.967,0.69,720,2.742,0.268
105,summer,1999-08-26,5,9,0.937,0.693,768,2.649,0.132
105,summer,1999-09-04,6,10,2.567,0.683,784,2.696,0.371
105,summer,1999-10-31,9,18,1.577,0.603,736,2.851,0.2
105,summer,1999-11-13,10,20,1.62,0.607,736,2.81,0.203
105,summer,1999-11-27,11,22,3.537,0.607,778.667,2.913,0.487
105,summer,1999-12-11,12,24,3.587,0.607,896,2.808,0.548
105,summer,1999-12-26,13,26,1.957,0.563,656,2.925,0.212
105,summer,2000-01-09,14,28,4.123,0.59,709.333,2.953,0.51
105,summer,2000-01-21,15,30,2.51,0.627,688,2.963,0.321
105,summer,2000-02-04,16,32,3.403,0.577,661.333,3.104,0.403
105,summer,2000-02-20,17,34,5.61,0.62,864,3.198,0.961
105,summer,2000-03-04,18,36,4.617,0.633,688,3.286,0.661
105,summer,2000-03-17,19,38,2.527,0.58,645.333,3.19,0.302
105,summer,2000-04-01,20,40,4.03,0.6,832,3.319,0.668
105,summer,2000-04-15,21,42,2.017,0.577,704,3.244,0.266
105,summer,2000-04-29,22,44,4.327,0.583,709.333,3.528,0.632
105,summer,2000-05-13,23,46,3.12,0.617,768,3.485,0.515
105,summer,2000-05-26,24,48,2.593,0.647,698.667,3.265,0.383
105,summer,2000-06-08,25,50,4.72,0.577,624,3.065,0.521
105,summer,2000-06-26,26,52,4.263,0.627,949.333,3.299,0.837
105,summer,2000-07-10,27,54,8.6,0.667,688,3.118,1.23
105,summer,2000-07-25,28,56,4.103,0.553,602.667,3.243,0.444
105,summer,2000-08-06,29,58,5.22,0.593,890.667,3.013,0.831
105,summer,2000-09-16,31,64,7.147,0.59,581.333,2.953,0.724
105,summer,2000-09-30,32,66,5.403,0.6,570.667,3.022,0.559
105,summer,2000-10-15,33,68,4.71,0.693,709.333,2.903,0.672
105,summer,2000-10-28,34,70,2.633,0.613,816,2.752,0.363
105,summer,2000-11-11,35,72,6.03,0.61,853.333,2.8,0.879
107,summer,1999-07-16,1,3,12.52,0.68,597.333,2.704,1.375
107,summer,1999-08-05,3,6,4.383,0.773,602.667,2.26,0.462
107,summer,1999-08-16,4,7,1.723,0.7,677.333,2.827,0.231
107,summer,1999-08-26,5,9,0.76,0.72,709.333,2.444,0.095
107,summer,1999-09-04,6,10,3.24,0.683,565.333,2.776,0.347
107,summer,1999-10-31,9,18,1.08,0.563,677.333,2.943,0.121
107,summer,1999-11-13,10,20,3.99,0.573,613.333,2.764,0.388
107,summer,1999-11-27,11,22,2.73,0.573,581.333,2.933,0.267
107,summer,1999-12-11,12,24,2.37,0.543,688,2.967,0.263
107,summer,1999-12-26,13,26,4.737,0.593,730.667,3.013,0.619
107,summer,2000-01-09,14,28,2.797,0.64,592,3.04,0.322
107,summer,2000-01-21,15,30,4.047,0.53,586.667,2.912,0.366
107,summer,2000-02-04,16,32,2.26,0.55,565.333,3.043,0.214
107,summer,2000-02-20,17,34,4.567,0.573,517.333,3.105,0.421
107,summer,2000-03-04,18,36,2.387,0.557,650.667,3.151,0.272
107,summer,2000-03-17,19,38,4.647,0.573,672,3.278,0.587
107,summer,2000-04-01,20,40,3.26,0.54,693.333,3.331,0.407
107,summer,2000-04-15,21,42,6.457,0.61,560,3.429,0.756
107,summer,2000-04-29,22,44,3.973,0.577,602.667,3.303,0.456
107,summer,2000-05-13,23,46,3.107,0.61,720,3.518,0.48
107,summer,2000-05-26,24,48,7.113,0.61,533.333,3.195,0.739
107,summer,2000-06-08,25,50,4.533,0.587,661.333,3.5,0.616
107,summer,2000-06-26,26,52,2.963,0.543,698.667,3.118,0.351
107,summer,2000-07-10,27,54,6.68,0.61,496,3.065,0.62
107,summer,2000-07-25,28,56,4.53,0.627,480,3.199,0.436
107,summer,2000-08-06,29,58,4.463,0.597,517.333,3.048,0.42
107,summer,2000-09-16,31,64,1.977,0.577,528,2.972,0.179
107,summer,2000-09-30,32,66,4.87,0.623,554.667,3.004,0.506
107,summer,2000-10-15,33,68,3.7,0.62,592,3.127,0.425
107,summer,2000-10-28,34,70,2.327,0.59,565.333,2.897,0.225
107,summer,2000-11-11,35,72,4.067,0.573,602.667,2.669,0.375
109,summer,1999-07-16,1,3,14.947,0.67,618.667,2.67,1.654
109,summer,1999-08-05,3,6,3.643,0.747,736,2.363,0.473
109,summer,1999-08-16,4,7,1.927,0.713,693.333,2.534,0.241
109,summer,1999-08-26,5,9,4.18,0.68,784,2.584,0.576
109,summer,1999-09-04,6,10,1.83,0.647,762.667,2.632,0.238
109,summer,1999-10-31,9,18,1.16,0.583,794.667,2.902,0.156
109,summer,1999-11-13,10,20,3.817,0.613,794.667,2.857,0.532
109,summer,1999-11-27,11,22,2.747,0.627,837.333,2.832,0.408
109,summer,1999-12-11,12,24,1.99,0.63,869.333,2.804,0.306
109,summer,1999-12-26,13,26,3.99,0.617,842.667,2.928,0.607
109,summer,2000-01-09,14,28,2.18,0.59,837.333,2.624,0.283
109,summer,2000-01-21,15,30,3.417,0.55,821.333,2.775,0.428
109,summer,2000-02-04,16,32,2.567,0.52,704,2.826,0.266
109,summer,2000-02-20,17,34,4.2,0.59,736,2.841,0.518
109,summer,2000-03-04,18,36,2.507,0.593,848,3.044,0.384
109,summer,2000-03-17,19,38,4.26,0.613,661.333,3.03,0.524
109,summer,2000-04-01,20,40,3.677,0.597,741.333,3.188,0.518
109,summer,2000-04-15,21,42,5.133,0.587,688,3.132,0.649
109,summer,2000-04-29,22,44,4.327,0.54,794.667,3.125,0.58
109,summer,2000-05-13,23,46,3.067,0.65,709.333,3.082,0.436
109,summer,2000-05-26,24,48,5.687,0.597,730.667,3.246,0.805
109,summer,2000-06-08,25,50,4.61,0.59,725.333,3.251,0.641
109,summer,2000-06-26,26,52,3.81,0.613,773.333,3.09,0.558
109,summer,2000-07-10,27,54,6.69,0.623,736,2.955,0.907
109,summer,2000-07-25,28,56,3.75,0.577,778.667,2.914,0.491
109,summer,2000-08-06,29,58,3.493,0.547,752,2.759,0.396
109,summer,2000-09-16,31,64,5.263,0.603,805.333,2.749,0.703
109,summer,2000-09-30,32,66,5.793,0.563,720,2.779,0.653
109,summer,2000-10-15,33,68,3.987,0.63,656,2.698,0.445
109,summer,2000-10-28,34,70,2.273,0.56,586.667,2.605,0.195
109,summer,2000-11-11,35,72,5.217,0.57,528,2.552,0.401
111,summer,1999-07-16,1,3,11.067,0.69,602.667,2.74,1.261
111,summer,1999-08-05,3,6,3.35,0.723,853.333,2.562,0.53
111,summer,1999-08-16,4,7,1.34,0.707,826.667,2.794,0.219
111,summer,1999-08-26,5,9,3.81,0.603,677.333,2.646,0.412
111,summer,1999-09-04,6,10,1.107,0.64,1024,2.663,0.193
111,summer,1999-10-31,9,18,1.137,0.53,965.333,2.493,0.145
111,summer,1999-11-13,10,20,4.05,0.607,986.667,3.059,0.741
111,summer,1999-11-27,11,22,3.337,0.56,693.333,3.042,0.394
111,summer,1999-12-11,12,24,2.107,0.653,714.667,2.646,0.26
111,summer,1999-12-26,13,26,4.08,0.56,736,2.604,0.438
111,summer,2000-01-09,14,28,2.213,0.537,762.667,2.635,0.239
111,summer,2000-01-21,15,30,3.69,0.503,805.333,2.745,0.411
111,summer,2000-02-04,16,32,2.007,0.597,880,2.919,0.308
111,summer,2000-02-20,17,34,4.747,0.513,725.333,2.904,0.513
111,summer,2000-03-04,18,36,2.683,0.513,565.333,2.926,0.228
111,summer,2000-03-17,19,38,4.11,0.497,1077.333,2.965,0.652
111,summer,2000-04-01,20,40,3.6,0.58,752,3.129,0.491
111,summer,2000-04-15,21,42,5.637,0.573,629.333,3.288,0.669
111,summer,2000-04-29,22,44,3.853,0.56,698.667,3.165,0.477
111,summer,2000-05-13,23,46,2.74,0.56,768,3.199,0.377
111,summer,2000-05-26,24,48,5.667,0.593,853.333,3.12,0.895
111,summer,2000-06-08,25,50,4.077,0.537,714.667,2.971,0.465
111,summer,2000-06-26,26,52,2.363,0.55,800,2.868,0.298
111,summer,2000-07-10,27,54,5.507,0.547,885.333,2.979,0.794
111,summer,2000-07-25,28,56,4.18,0.557,720,3.094,0.518
111,summer,2000-08-06,29,58,4.043,0.573,720,2.822,0.471
111,summer,2000-09-16,31,64,5.63,0.58,778.667,2.871,0.73
111,summer,2000-09-30,32,66,5.183,0.633,576,2.965,0.561
111,summer,2000-10-15,33,68,4.617,0.637,618.667,2.996,0.545
111,summer,2000-10-28,34,70,2.213,0.567,965.333,2.503,0.303
111,summer,2000-11-11,35,72,4.013,0.637,789.333,2.753,0.555
113,summer,1999-07-16,1,3,12.07,0.71,624,2.872,1.536
113,summer,1999-08-05,3,6,3.703,0.74,746.667,2.732,0.559
113,summer,1999-08-16,4,7,1.65,0.67,688,2.95,0.224
113,summer,1999-08-26,5,9,3.807,0.69,645.333,3.166,0.537
113,summer,1999-09-04,6,10,1,0.683,698.667,2.939,0.14
113,summer,1999-10-31,9,18,4.47,0.62,661.333,2.832,0.519
113,summer,1999-11-13,10,20,4.167,0.617,586.667,2.929,0.441
113,summer,1999-11-27,11,22,2.923,0.647,672,2.93,0.372
113,summer,1999-12-11,12,24,1.687,0.563,560,2.851,0.152
113,summer,1999-12-26,13,26,4.363,0.63,757.333,2.863,0.596
113,summer,2000-01-09,14,28,2.187,0.603,757.333,2.763,0.276
113,summer,2000-01-21,15,30,3.493,0.597,469.333,2.982,0.292
113,summer,2000-02-04,16,32,2.283,0.653,560,3,0.251
113,summer,2000-02-20,17,34,4.093,0.593,629.333,3.045,0.465
113,summer,2000-03-04,18,36,1.897,0.593,645.333,3.162,0.23
113,summer,2000-03-17,19,38,4.077,0.577,581.333,3.297,0.451
113,summer,2000-04-01,20,40,3.487,0.633,613.333,3.604,0.488
113,summer,2000-04-15,21,42,5.227,0.61,656,3.383,0.707
113,summer,2000-04-29,22,44,3.763,0.59,757.333,3.642,0.612
113,summer,2000-05-13,23,46,2.363,0.627,666.667,3.807,0.376
113,summer,2000-05-26,24,48,5.6,0.573,650.667,3.417,0.714
113,summer,2000-06-08,25,50,3.63,0.577,634.667,3.515,0.467
113,summer,2000-06-26,26,52,2.127,0.59,608,3.261,0.249
113,summer,2000-07-10,27,54,5.193,0.583,544,3.407,0.561
113,summer,2000-07-25,28,56,5.05,0.643,565.333,3.521,0.647
113,summer,2000-08-06,29,58,4.513,0.63,650.667,3.179,0.588
113,summer,2000-09-16,31,64,5.24,0.59,517.333,2.974,0.476
113,summer,2000-09-30,32,66,4.84,0.59,656,2.833,0.531
113,summer,2000-10-15,33,68,4.527,0.663,586.667,2.874,0.506
113,summer,2000-10-28,34,70,1.867,0.57,373.333,2.57,0.102
113,summer,2000-11-11,35,72,4.17,0.597,634.667,2.908,0.459
115,summer,1999-07-16,1,3,13.633,0.723,592,2.654,1.549
115,summer,1999-08-05,3,6,3.027,0.723,730.667,2.637,0.422
115,summer,1999-08-16,4,7,1.333,0.747,720,2.864,0.205
115,summer,1999-08-26,5,9,3.02,0.677,746.667,2.861,0.437
115,summer,1999-09-04,6,10,1.013,0.627,768,2.937,0.143
115,summer,1999-10-31,9,18,3.81,0.597,586.667,3.062,0.408
115,summer,1999-11-13,10,20,4.34,0.593,704,3.009,0.545
115,summer,1999-11-27,11,22,2.667,0.567,805.333,2.947,0.359
115,summer,1999-12-11,12,24,5.263,0.643,661.333,2.802,0.627
115,summer,1999-12-26,13,26,3.457,0.557,650.667,2.869,0.359
115,summer,2000-01-09,14,28,2.063,0.583,592,2.661,0.19
115,summer,2000-01-21,15,30,3.523,0.61,698.667,2.829,0.425
115,summer,2000-02-04,16,32,5.62,0.6,784,2.987,0.79
115,summer,2000-02-20,17,34,3.56,0.497,608,2.872,0.309
115,summer,2000-03-04,18,36,2.1,0.643,784,3.26,0.345
115,summer,2000-03-17,19,38,3.88,0.633,544,3.161,0.423
115,summer,2000-04-01,20,40,3.707,0.607,869.333,3.337,0.652
115,summer,2000-04-15,21,42,6.093,0.583,496,3.29,0.58
115,summer,2000-04-29,22,44,3,0.563,608,3.416,0.351
115,summer,2000-05-13,23,46,2.17,0.573,714.667,3.63,0.323
115,summer,2000-05-26,24,48,5.817,0.553,618.667,3.094,0.616
115,summer,2000-06-08,25,50,3.547,0.547,592,3.094,0.355
115,summer,2000-06-26,26,52,4.683,0.6,693.333,3.098,0.604
115,summer,2000-07-10,27,54,6.4,0.573,720,2.852,0.754
115,summer,2000-07-25,28,56,4.417,0.657,746.667,3.31,0.717
115,summer,2000-08-06,29,58,2.673,0.593,640,3.04,0.309
115,summer,2000-09-16,31,64,4.837,0.617,645.333,2.992,0.576
115,summer,2000-09-30,32,66,4.447,0.58,661.333,3.072,0.524
115,summer,2000-10-15,33,68,3.847,0.627,661.333,2.776,0.443
115,summer,2000-10-28,34,70,1.853,0.66,597.333,3.053,0.223
115,summer,2000-11-11,35,72,4.267,0.65,730.667,2.744,0.556
117,summer,1999-07-16,1,3,11.23,0.677,565.333,2.902,1.247
117,summer,1999-08-05,3,6,3.593,0.717,821.333,2.532,0.536
117,summer,1999-08-16,4,7,1.637,0.757,688,3.114,0.265
117,summer,1999-08-26,5,9,2.643,0.627,741.333,3.012,0.37
117,summer,1999-09-04,6,10,1.197,0.627,954.667,2.692,0.193
117,summer,1999-10-31,9,18,2.76,0.613,698.667,2.642,0.312
117,summer,1999-11-13,10,20,2.637,0.61,816,2.982,0.391
117,summer,1999-11-27,11,22,1.657,0.593,597.333,2.682,0.157
117,summer,1999-12-11,12,24,4.33,0.623,757.333,2.596,0.531
117,summer,1999-12-26,13,26,2.213,0.633,810.667,2.694,0.306
117,summer,2000-01-09,14,28,4.24,0.587,645.333,2.709,0.435
117,summer,2000-01-21,15,30,1.92,0.563,826.667,2.899,0.259
117,summer,2000-02-04,16,32,4.54,0.577,896,2.881,0.676
117,summer,2000-02-20,17,34,1.927,0.52,634.667,3.005,0.191
117,summer,2000-03-04,18,36,4.233,0.603,848,3.26,0.706
117,summer,2000-03-17,19,38,1.857,0.58,725.333,3.326,0.26
117,summer,2000-04-01,20,40,4.87,0.567,853.333,3.352,0.789
117,summer,2000-04-15,21,42,2.793,0.577,864,3.521,0.49
117,summer,2000-04-29,22,44,5.637,0.59,688,3.672,0.84
117,summer,2000-05-13,23,46,4.083,0.587,885.333,3.432,0.728
117,summer,2000-05-26,24,48,3.177,0.6,704,3.26,0.437
117,summer,2000-06-08,25,50,5.19,0.567,928,3.381,0.923
117,summer,2000-06-26,26,52,6.237,0.587,848,3.09,0.959
117,summer,2000-07-10,27,54,2.223,0.553,725.333,3.214,0.287
117,summer,2000-07-25,28,56,2.423,0.58,864,3.198,0.388
117,summer,2000-08-06,29,58,4.95,0.603,741.333,3.03,0.671
117,summer,2000-09-16,31,64,3.367,0.617,896,2.87,0.534
117,summer,2000-09-30,32,66,2.317,0.597,597.333,2.983,0.246
117,summer,2000-10-15,33,68,5.583,0.627,826.667,2.801,0.81
117,summer,2000-10-28,34,70,3.037,0.61,869.333,2.847,0.458
117,summer,2000-11-11,35,72,4.553,0.63,789.333,2.765,0.626
119,summer,1999-07-16,1,3,15.217,0.75,528,2.818,1.698
119,summer,1999-08-05,3,6,2.3,0.703,490.667,2.89,0.229
119,summer,1999-08-16,4,7,0.807,0.733,560,3.021,0.1
119,summer,1999-08-26,5,9,3.477,0.683,698.667,3.043,0.505
119,summer,1999-09-04,6,10,0.99,0.627,634.667,2.77,0.109
119,summer,1999-10-31,9,18,4.087,0.623,768,3.031,0.593
119,summer,1999-11-13,10,20,3.14,0.547,650.667,2.924,0.327
119,summer,1999-11-27,11,22,2.94,0.577,560,2.821,0.268
119,summer,1999-12-11,12,24,2.027,0.6,560,2.784,0.19
119,summer,1999-12-26,13,26,4.657,0.55,640,2.833,0.464
119,summer,2000-01-09,14,28,1.973,0.55,581.333,2.909,0.184
119,summer,2000-01-21,15,30,3.81,0.55,656,2.776,0.382
119,summer,2000-02-04,16,32,5.973,0.607,634.667,2.961,0.681
119,summer,2000-02-20,17,34,3.767,0.577,602.667,3.153,0.413
119,summer,2000-03-04,18,36,1.943,0.573,586.667,3.175,0.208
119,summer,2000-03-17,19,38,4.437,0.643,613.333,3.463,0.606
119,summer,2000-04-01,20,40,2.123,0.573,672,3.467,0.284
119,summer,2000-04-15,21,42,3.977,0.56,650.667,3.482,0.505
119,summer,2000-04-29,22,44,2.957,0.56,597.333,3.593,0.355
119,summer,2000-05-13,23,46,2.8,0.567,613.333,3.436,0.334
119,summer,2000-05-26,24,48,5.727,0.563,608,3.422,0.671
119,summer,2000-06-08,25,50,3.453,0.573,629.333,3.446,0.429
119,summer,2000-06-26,26,52,4.64,0.617,624,3.213,0.574
119,summer,2000-07-10,27,54,5.577,0.543,629.333,3.149,0.6
119,summer,2000-07-25,28,56,4.543,0.61,714.667,3.304,0.654
119,summer,2000-08-06,29,58,2.85,0.587,517.333,3.102,0.268
119,summer,2000-09-16,31,64,5.277,0.583,666.667,3.092,0.635
119,summer,2000-09-30,32,66,5.23,0.647,533.333,3.037,0.548
119,summer,2000-10-15,33,68,3.877,0.613,736,3.022,0.529
119,summer,2000-10-28,34,70,1.987,0.6,549.333,2.983,0.195
119,summer,2000-11-11,35,72,3.987,0.61,645.333,2.913,0.457
121,summer,1999-07-16,1,3,12.417,0.717,368,3.013,0.987
121,summer,1999-08-05,3,6,2.453,0.627,597.333,2.749,0.252
121,summer,1999-08-16,4,7,0.693,0.667,560,2.944,0.076
121,summer,1999-08-26,5,9,3.14,0.647,458.667,3.108,0.289
121,summer,1999-09-04,6,10,1.05,0.617,528,2.753,0.094
121,summer,1999-10-31,9,18,1.33,0.633,506.667,3.096,0.132
121,summer,1999-11-13,10,20,3.863,0.57,474.667,2.816,0.294
121,summer,1999-11-27,11,22,3.303,0.557,517.333,2.792,0.266
121,summer,1999-12-11,12,24,1.55,0.587,554.667,2.923,0.147
121,summer,1999-12-26,13,26,3.74,0.543,560,2.632,0.3
121,summer,2000-01-09,14,28,2.333,0.52,469.333,2.483,0.141
121,summer,2000-01-21,15,30,3.19,0.563,389.333,2.679,0.187
121,summer,2000-02-04,16,32,6.31,0.597,480,3.003,0.543
121,summer,2000-02-20,17,34,3.05,0.553,426.667,3.335,0.24
121,summer,2000-03-04,18,36,5.833,0.537,480,3.362,0.505
121,summer,2000-03-17,19,38,3.993,0.527,421.333,3.325,0.295
121,summer,2000-04-01,20,40,6.01,0.567,602.667,3.714,0.762
121,summer,2000-04-15,21,42,3.767,0.553,416,3.611,0.313
121,summer,2000-04-29,22,44,3.25,0.577,346.667,3.446,0.224
121,summer,2000-05-13,23,46,5.507,0.583,480,3.432,0.529
121,summer,2000-05-26,24,48,4.94,0.547,453.333,3.148,0.385
121,summer,2000-06-08,25,50,2.527,0.52,490.667,3.251,0.21
121,summer,2000-06-26,26,52,3.947,0.553,405.333,2.952,0.261
121,summer,2000-07-10,27,54,6.607,0.527,426.667,2.923,0.434
121,summer,2000-07-25,28,56,5.163,0.613,405.333,3.224,0.414
121,summer,2000-08-06,29,58,3.77,0.597,357.333,3.067,0.247
121,summer,2000-09-16,31,64,4.557,0.553,394.667,3.191,0.318
121,summer,2000-09-30,32,66,4.693,0.633,528,3.244,0.509
121,summer,2000-10-15,33,68,3.913,0.58,368,3.027,0.253
121,summer,2000-10-28,34,70,2.01,0.64,298.667,3.062,0.118
121,summer,2000-11-11,35,72,4.127,0.583,453.333,2.895,0.316
123,summer,1999-07-16,1,3,10.553,0.667,458.667,2.982,0.962
123,summer,1999-08-05,3,6,2.113,0.61,517.333,2.809,0.187
123,summer,1999-08-16,4,7,1.1,0.597,469.333,3.006,0.093
123,summer,1999-08-26,5,9,4.287,0.657,554.667,2.802,0.438
123,summer,1999-09-04,6,10,1.47,0.57,560,2.866,0.134
123,summer,1999-10-31,9,18,3.573,0.627,640,2.84,0.407
123,summer,1999-11-13,10,20,2.12,0.597,485.333,2.914,0.179
123,summer,1999-11-27,11,22,1.897,0.563,357.333,2.885,0.11
123,summer,1999-12-11,12,24,4.2,0.52,458.667,2.605,0.261
123,summer,1999-12-26,13,26,3.863,0.56,576,2.939,0.366
123,summer,2000-01-09,14,28,4.993,0.57,682.667,2.794,0.543
123,summer,2000-01-21,15,30,2.3,0.573,522.667,2.851,0.196
123,summer,2000-02-04,16,32,4.897,0.553,453.333,2.861,0.351
123,summer,2000-02-20,17,34,3.19,0.527,464,2.855,0.223
123,summer,2000-03-04,18,36,5.237,0.527,432,3.359,0.4
123,summer,2000-03-17,19,38,3.263,0.537,325.333,2.996,0.171
123,summer,2000-04-01,20,40,5.793,0.583,629.333,3.41,0.725
123,summer,2000-04-15,21,42,2.603,0.54,469.333,3.493,0.23
123,summer,2000-04-29,22,44,1.867,0.55,362.667,3.502,0.13
123,summer,2000-05-13,23,46,5.323,0.573,538.667,3.339,0.549
123,summer,2000-05-26,24,48,4.183,0.573,352,3.146,0.266
123,summer,2000-06-08,25,50,5.757,0.61,325.333,3.177,0.363
123,summer,2000-06-26,26,52,6.857,0.57,490.667,3.025,0.58
123,summer,2000-07-10,27,54,2.573,0.563,453.333,3.117,0.205
123,summer,2000-07-25,28,56,2.39,0.593,458.667,3.248,0.211
123,summer,2000-08-06,29,58,5.36,0.593,442.667,2.879,0.405
123,summer,2000-09-16,31,64,4.13,0.677,368,3.112,0.32
123,summer,2000-09-30,32,66,2.61,0.62,405.333,2.977,0.195
123,summer,2000-10-15,33,68,5.247,0.603,533.333,2.957,0.499
123,summer,2000-10-28,34,70,3.26,0.617,480,3.02,0.291
123,summer,2000-11-11,35,72,1.797,0.61,416,2.811,0.128
125,summer,1999-07-16,1,3,12.03,0.703,608,2.797,1.439
125,summer,1999-08-05,3,6,2.073,0.707,704,2.89,0.298
125,summer,1999-08-16,4,7,1.17,0.653,677.333,2.978,0.154
125,summer,1999-08-26,5,9,3.203,0.71,741.333,3.059,0.516
125,summer,1999-09-04,6,10,1.497,0.627,901.333,2.828,0.239
125,summer,1999-10-31,9,18,1.38,0.57,832,3.05,0.2
125,summer,1999-11-13,10,20,4.43,0.643,640,3.175,0.579
125,summer,1999-11-27,11,22,2.553,0.597,800,3.007,0.366
125,summer,1999-12-11,12,24,1.48,0.603,661.333,3.117,0.184
125,summer,1999-12-26,13,26,3.057,0.55,517.333,3.073,0.267
125,summer,2000-01-09,14,28,2.07,0.603,634.667,3.127,0.248
125,summer,2000-01-21,15,30,3.21,0.603,730.667,2.857,0.404
125,summer,2000-02-04,16,32,5.95,0.62,624,3.252,0.749
125,summer,2000-02-20,17,34,4.207,0.587,672,3.192,0.529
125,summer,2000-03-04,18,36,4.573,0.55,666.667,3.387,0.568
125,summer,2000-03-17,19,38,3.833,0.583,741.333,3.594,0.596
125,summer,2000-04-01,20,40,1.783,0.547,730.667,3.586,0.255
125,summer,2000-04-15,21,42,3.397,0.587,810.667,3.544,0.573
125,summer,2000-04-29,22,44,2.963,0.583,757.333,3.499,0.458
125,summer,2000-05-13,23,46,6.023,0.613,688,3.592,0.913
125,summer,2000-05-26,24,48,5.177,0.593,453.333,3.531,0.492
125,summer,2000-06-08,25,50,2.46,0.54,634.667,3.37,0.284
125,summer,2000-06-26,26,52,7.033,0.6,533.333,3.257,0.733
125,summer,2000-07-10,27,54,3.65,0.637,661.333,3.341,0.514
125,summer,2000-07-25,28,56,4.75,0.643,704,3.156,0.679
125,summer,2000-08-06,29,58,2.177,0.633,485.333,3.169,0.212
125,summer,2000-09-16,31,64,4.717,0.64,448,3.255,0.44
125,summer,2000-09-30,32,66,3.107,0.61,725.333,3.079,0.423
125,summer,2000-10-15,33,68,2.197,0.673,816,2.984,0.36
125,summer,2000-10-28,34,70,4.207,0.587,757.333,2.928,0.547
125,summer,2000-11-11,35,72,2.15,0.603,480,2.946,0.183
127,summer,1999-07-16,1,3,12.797,0.731,464,2.772,1.203
127,summer,1999-08-05,3,6,2.02,0.67,597.333,2.76,0.223
127,summer,1999-08-16,4,7,1.407,0.673,426.667,3.113,0.126
127,summer,1999-08-26,5,9,3.913,0.66,650.667,3.057,0.514
127,summer,1999-09-04,6,10,1.493,0.673,464,3.144,0.147
127,summer,1999-10-31,9,18,3.87,0.577,581.333,2.649,0.344
127,summer,1999-11-13,10,20,2.717,0.557,464,2.534,0.178
127,summer,1999-11-27,11,22,1.697,0.537,362.667,2.668,0.088
127,summer,1999-12-11,12,24,4.263,0.543,634.667,2.809,0.413
127,summer,1999-12-26,13,26,3.297,0.557,448,2.56,0.21
127,summer,2000-01-09,14,28,4.77,0.577,741.333,2.887,0.589
127,summer,2000-01-21,15,30,3.427,0.523,581.333,2.665,0.278
127,summer,2000-02-04,16,32,4.863,0.567,496,2.797,0.382
127,summer,2000-02-20,17,34,3.547,0.61,437.333,2.745,0.26
127,summer,2000-03-04,18,36,4.03,0.517,288,3.089,0.185
127,summer,2000-03-17,19,38,4.07,0.523,554.667,3.389,0.4
127,summer,2000-04-01,20,40,6.697,0.547,576,3.343,0.705
127,summer,2000-04-15,21,42,2.633,0.577,677.333,3.533,0.363
127,summer,2000-04-29,22,44,1.983,0.48,490.667,3.18,0.149
127,summer,2000-05-13,23,46,6.383,0.513,490.667,3.364,0.541
127,summer,2000-05-26,24,48,3.993,0.56,394.667,3.423,0.302
127,summer,2000-06-08,25,50,2.48,0.547,522.667,3.075,0.218
127,summer,2000-06-26,26,52,7.563,0.58,432,3.145,0.596
127,summer,2000-07-10,27,54,2.903,0.607,602.667,3.067,0.326
127,summer,2000-07-25,28,56,3.683,0.57,512,2.906,0.312
127,summer,2000-08-06,29,58,5.99,0.613,352,2.926,0.378
127,summer,2000-09-16,31,64,4.887,0.607,544,3.052,0.492
127,summer,2000-09-30,32,66,2.697,0.61,416,3.06,0.209
127,summer,2000-10-15,33,68,5.537,0.633,538.667,2.753,0.52
127,summer,2000-10-28,34,70,3.607,0.597,490.667,3.062,0.323
127,summer,2000-11-11,35,72,1.863,0.597,485.333,2.908,0.157
131,winter,2000-01-29,1,31,7.787,0.613,650.667,2.677,0.832
131,winter,2000-02-11,2,33,2.787,0.627,752,2.651,0.348
131,winter,2000-02-28,3,35,2.447,0.73,848,2.63,0.398
131,winter,2000-03-10,4,37,4.053,0.727,672,2.925,0.579
131,winter,2000-03-23,5,39,2.227,0.683,1162.667,2.595,0.459
131,winter,2000-04-06,6,41,4.073,0.65,933.333,2.878,0.711
131,winter,2000-04-22,7,43,2.403,0.73,890.667,2.894,0.452
131,winter,2000-05-05,8,45,4.377,0.627,741.333,3.253,0.661
131,winter,2000-05-19,9,47,4.73,0.72,981.333,2.98,0.996
131,winter,2000-06-02,10,49,2.337,0.637,693.333,3.193,0.329
131,winter,2000-06-14,11,50,5.033,0.683,618.667,3.159,0.672
131,winter,2000-07-05,12,53,3.98,0.61,912,2.779,0.615
131,winter,2000-07-13,13,55,6.55,0.687,960,2.829,1.221
131,winter,2000-08-02,14,57,2.167,0.687,885.333,2.739,0.361
131,winter,2000-08-10,15,59,3.85,0.64,773.333,2.755,0.525
131,winter,2000-09-22,17,65,2.673,0.623,784,2.691,0.352
131,winter,2000-10-06,18,67,5.82,0.603,757.333,2.656,0.706
131,winter,2000-10-22,19,69,4.01,0.583,885.333,2.606,0.54
131,winter,2000-11-02,20,71,2.09,0.573,736,2.517,0.222
131,winter,2000-11-15,21,72,3.827,0.607,730.667,2.609,0.442
131,winter,2000-12-01,22,75,2.497,0.657,752,2.602,0.321
131,winter,2000-12-14,23,77,3.94,0.577,778.667,2.587,0.458
133,winter,2000-01-29,1,31,12.54,0.697,970.667,2.55,2.162
133,winter,2000-02-11,2,33,2.177,0.627,768,2.782,0.291
133,winter,2000-02-28,3,35,4.427,0.597,768,2.903,0.589
133,winter,2000-03-10,4,37,2.673,0.593,533.333,2.965,0.251
133,winter,2000-03-23,5,39,5.177,0.653,778.667,2.82,0.743
133,winter,2000-04-06,6,41,4.733,0.683,597.333,3.125,0.604
133,winter,2000-04-22,7,43,5.993,0.56,768,3.025,0.78
133,winter,2000-05-05,8,45,4.083,0.567,1040,3,0.722
133,winter,2000-05-19,9,47,2.587,0.603,693.333,3.162,0.342
133,winter,2000-06-02,10,49,5.48,0.583,933.333,3.061,0.913
133,winter,2000-06-14,11,50,4.28,0.65,874.667,3.249,0.791
133,winter,2000-07-05,12,53,2.827,0.493,570.667,2.811,0.224
133,winter,2000-07-13,13,55,4.083,0.51,890.667,2.77,0.514
133,winter,2000-08-02,14,57,5.56,0.59,608,2.824,0.563
133,winter,2000-08-10,15,59,3.53,0.58,778.667,2.655,0.423
133,winter,2000-09-22,17,65,2.14,0.563,810.667,2.837,0.277
133,winter,2000-10-06,18,67,4.993,0.62,821.333,2.659,0.676
133,winter,2000-10-22,19,69,3.17,0.54,522.667,2.419,0.216
133,winter,2000-11-02,20,71,1.903,0.633,752,2.63,0.238
133,winter,2000-11-15,21,72,3.65,0.53,512,2.514,0.249
133,winter,2000-12-01,22,75,6.337,0.543,640,2.523,0.556
133,winter,2000-12-14,23,77,4.087,0.603,704,2.656,0.461
135,winter,2000-01-29,1,31,10.037,0.677,517.333,2.743,0.964
135,winter,2000-02-11,2,33,2.16,0.64,736,2.775,0.282
135,winter,2000-02-28,3,35,4.613,0.64,656,2.793,0.541
135,winter,2000-03-10,4,37,3.167,0.637,693.333,2.791,0.39
135,winter,2000-03-23,5,39,5.253,0.67,741.333,3.058,0.798
135,winter,2000-04-06,6,41,4.2,0.607,741.333,3.017,0.57
135,winter,2000-04-22,7,43,5.287,0.633,848,3.114,0.884
135,winter,2000-05-05,8,45,3.967,0.62,565.333,3.339,0.464
135,winter,2000-05-19,9,47,2.583,0.573,741.333,3.065,0.337
135,winter,2000-06-02,10,49,5.75,0.597,613.333,3.025,0.636
135,winter,2000-06-14,11,50,4.813,0.63,586.667,2.981,0.53
135,winter,2000-07-05,12,53,2.68,0.65,800,2.88,0.401
135,winter,2000-07-13,13,55,4.093,0.693,656,3.012,0.561
135,winter,2000-08-02,14,57,5.457,0.657,821.333,2.858,0.841
135,winter,2000-08-10,15,59,3.44,0.64,810.667,2.888,0.515
135,winter,2000-09-22,17,65,5.1,0.607,528,2.825,0.462
135,winter,2000-10-06,18,67,4.007,0.53,661.333,2.541,0.357
135,winter,2000-10-22,19,69,4.257,0.573,442.667,2.55,0.275
135,winter,2000-11-02,20,71,2.867,0.577,842.667,2.583,0.36
135,winter,2000-11-15,21,72,3.487,0.577,373.333,2.433,0.183
135,winter,2000-12-01,22,75,5.267,0.6,960,2.615,0.793
135,winter,2000-12-14,23,77,3.263,0.59,714.667,2.667,0.367
137,winter,2000-01-29,1,31,13.58,0.687,698.667,2.577,1.679
137,winter,2000-02-11,2,33,1.57,0.573,1002.667,2.468,0.223
137,winter,2000-02-28,3,35,4.443,0.597,704,2.678,0.5
137,winter,2000-03-10,4,37,2.263,0.667,709.333,2.799,0.3
137,winter,2000-03-23,5,39,3.813,0.603,869.333,2.813,0.563
137,winter,2000-04-06,6,41,5.37,0.56,901.333,2.842,0.77
137,winter,2000-04-22,7,43,2.35,0.55,656,2.738,0.232
137,winter,2000-05-05,8,45,2.177,0.55,853.333,2.971,0.304
137,winter,2000-05-19,9,47,4.903,0.63,853.333,2.755,0.726
137,winter,2000-06-02,10,49,3.997,0.607,912,2.957,0.654
137,winter,2000-06-14,11,50,6.4,0.553,789.333,2.696,0.754
137,winter,2000-07-05,12,53,2.697,0.593,768,2.641,0.325
137,winter,2000-07-13,13,55,4.257,0.587,896,2.637,0.59
137,winter,2000-08-02,14,57,5.26,0.66,933.333,2.617,0.848
137,winter,2000-08-10,15,59,3.067,0.51,842.667,2.576,0.34
137,winter,2000-09-22,17,65,4.623,0.533,757.333,2.487,0.465
137,winter,2000-10-06,18,67,3.547,0.587,853.333,2.523,0.448
137,winter,2000-10-22,19,69,2.193,0.517,736,2.502,0.209
137,winter,2000-11-02,20,71,4.483,0.493,858.667,2.397,0.455
137,winter,2000-11-15,21,72,3.073,0.533,869.333,2.36,0.336
137,winter,2000-12-01,22,75,5.067,0.563,805.333,2.504,0.576
137,winter,2000-12-14,23,77,1.907,0.617,789.333,2.418,0.224
139,winter,2000-01-29,1,31,8.707,0.603,1045.333,2.405,1.32
139,winter,2000-02-11,2,33,1.557,0.617,608,2.746,0.16
139,winter,2000-02-28,3,35,4.143,0.55,757.333,2.724,0.47
139,winter,2000-03-10,4,37,2.533,0.6,522.667,2.959,0.235
139,winter,2000-03-23,5,39,4.2,0.563,842.667,2.926,0.583
139,winter,2000-04-06,6,41,2.43,0.537,901.333,2.75,0.323
139,winter,2000-04-22,7,43,4.143,0.523,896,2.672,0.519
139,winter,2000-05-05,8,45,3.987,0.55,1045.333,2.907,0.666
139,winter,2000-05-19,9,47,2.337,0.547,1114.667,2.86,0.407
139,winter,2000-06-02,10,49,4.5,0.53,800,3.012,0.575
139,winter,2000-06-14,11,50,5.253,0.637,954.667,2.785,0.889
139,winter,2000-07-05,12,53,1.993,0.503,805.333,2.685,0.217
139,winter,2000-07-13,13,55,3.107,0.48,794.667,2.699,0.32
139,winter,2000-08-02,14,57,3.953,0.543,709.333,2.81,0.428
139,winter,2000-08-10,15,59,2.273,0.563,800,2.533,0.26
139,winter,2000-09-22,17,65,6.133,0.573,1141.333,2.508,1.007
139,winter,2000-10-06,18,67,3.49,0.583,741.333,2.611,0.394
139,winter,2000-10-22,19,69,2.2,0.513,912,2.425,0.25
139,winter,2000-11-02,20,71,3.973,0.5,730.667,2.405,0.349
139,winter,2000-11-15,21,72,2.423,0.53,512,2.356,0.155
139,winter,2000-12-01,22,75,4.22,0.54,736,2.462,0.413
139,winter,2000-12-14,23,77,1.857,0.627,885.333,2.425,0.25
