plot,treatment,date,interval,exp_week,gr_mass
102,reference,1999-08-03,1,5,0.781
102,reference,1999-08-13,2,7,0.791
102,reference,1999-08-25,3,8,1.06
102,reference,1999-09-02,4,10,0.889
102,reference,1999-11-01,9,18,0.892
102,reference,1999-11-11,10,20,0.727
102,reference,1999-11-21,11,21,0.696
102,reference,1999-11-30,12,22,0.803
102,reference,1999-12-13,13,24,0.704
102,reference,1999-12-25,14,26,0.463
102,reference,2000-01-09,15,28,0.605
102,reference,2000-01-22,16,30,0.509
102,reference,2000-02-05,17,32,0.493
102,reference,2000-02-20,18,34,0.533
102,reference,2000-03-04,19,36,0.761
102,reference,2000-03-18,20,38,0.932
102,reference,2000-04-03,21,40,0.477
102,reference,2000-04-16,22,42,0.57
102,reference,2000-04-29,23,44,0.997
102,reference,2000-05-13,24,46,0.724
102,reference,2000-05-26,25,48,0.668
102,reference,2000-06-09,26,50,1.004
102,reference,2000-06-25,27,52,1.402
102,reference,2000-07-09,28,54,1.051
102,reference,2000-07-23,29,56,1.124
102,reference,2000-08-05,30,58,1.534
102,reference,2000-09-14,32,64,0.73
102,reference,2000-09-30,33,66,0.893
102,reference,2000-10-14,34,68,0.773
102,reference,2000-10-28,35,70,0.937
102,reference,2000-11-12,36,72,0.779
102,reference,2000-11-25,37,74,0.46
104,reference,1999-08-03,1,5,1.157
104,reference,1999-08-13,2,7,1.607
104,reference,1999-08-25,3,8,1.102
104,reference,1999-09-02,4,10,0.942
104,reference,1999-11-01,9,18,1.053
104,reference,1999-11-11,10,20,1.085
104,reference,1999-11-21,11,21,0.882
104,reference,1999-11-30,12,22,0.854
104,reference,1999-12-13,13,24,0.688
104,reference,1999-12-25,14,26,0.973
104,reference,2000-01-09,15,28,0.435
104,reference,2000-01-22,16,30,0.847
104,reference,2000-02-05,17,32,0.627
104,reference,2000-02-20,18,34,0.472
104,reference,2000-03-04,19,36,0.708
104,reference,2000-03-18,20,38,0.854
104,reference,2000-04-03,21,40,0.92
104,reference,2000-04-16,22,42,0.677
104,reference,2000-04-29,23,44,0.746
104,reference,2000-05-13,24,46,0.953
104,reference,2000-05-26,25,48,0.939
104,reference,2000-06-09,26,50,1.459
104,reference,2000-06-25,27,52,1.624
104,reference,2000-07-09,28,54,1.496
104,reference,2000-07-23,29,56,1.687
104,reference,2000-08-05,30,58,1.502
104,reference,2000-09-14,32,64,1.319
104,reference,2000-09-30,33,66,1.025
104,reference,2000-10-14,34,68,1.235
104,reference,2000-10-28,35,70,0.539
104,reference,2000-11-12,36,72,1.131
104,reference,2000-11-25,37,74,1.335
106,reference,1999-08-03,1,5,0.724
106,reference,1999-08-13,2,7,1.579
106,reference,1999-08-25,3,8,1.375
106,reference,1999-09-02,4,10,0.855
106,reference,1999-11-01,9,18,0.818
106,reference,1999-11-11,10,20,0.486
106,reference,1999-11-21,11,21,0.695
106,reference,1999-11-30,12,22,0.402
106,reference,1999-12-13,13,24,0.579
106,reference,1999-12-25,14,26,0.512
106,reference,2000-01-09,15,28,0.395
106,reference,2000-01-22,16,30,0.463
106,reference,2000-02-05,17,32,0.663
106,reference,2000-02-20,18,34,0.465
106,reference,2000-03-04,19,36,0.82
106,reference,2000-03-18,20,38,0.651
106,reference,2000-04-03,21,40,0.685
106,reference,2000-04-16,22,42,0.486
106,reference,2000-04-29,23,44,0.822
106,reference,2000-05-13,24,46,0.824
106,reference,2000-05-26,25,48,0.863
106,reference,2000-06-09,26,50,0.887
106,reference,2000-06-25,27,52,1.141
106,reference,2000-07-09,28,54,0.781
106,reference,2000-07-23,29,56,1.027
106,reference,2000-08-05,30,58,1.426
106,reference,2000-09-14,32,64,1.384
106,reference,2000-09-30,33,66,0.999
106,reference,2000-10-14,34,68,0.983
106,reference,2000-10-28,35,70,0.97
106,reference,2000-11-12,36,72,0.645
106,reference,2000-11-25,37,74,0.62
108,reference,1999-08-03,1,5,1.015
108,reference,1999-08-13,2,7,1.365
108,reference,1999-08-25,3,8,1.357
108,reference,1999-09-02,4,10,0.798
108,reference,1999-11-01,9,18,0.907
108,reference,1999-11-11,10,20,0.96
108,reference,1999-11-21,11,21,0.659
108,reference,1999-11-30,12,22,0.565
108,reference,1999-12-13,13,24,0.783
108,reference,1999-12-25,14,26,0.695
108,reference,2000-01-09,15,28,0.602
108,reference,2000-01-22,16,30,0.614
108,reference,2000-02-05,17,32,0.579
108,reference,2000-02-20,18,34,0.476
108,reference,2000-03-04,19,36,0.832
108,reference,2000-03-18,20,38,0.714
108,reference,2000-04-03,21,40,0.797
108,reference,2000-04-16,22,42,0.665
108,reference,2000-04-29,23,44,0.869
108,reference,2000-05-13,24,46,0.915
108,reference,2000-05-26,25,48,1.218
108,reference,2000-06-09,26,50,1.174
108,reference,2000-06-25,27,52,1.189
108,reference,2000-07-09,28,54,0.822
108,reference,2000-07-23,29,56,1.008
108,reference,2000-08-05,30,58,0.944
108,reference,2000-09-14,32,64,1.333
108,reference,2000-09-30,33,66,0.923
108,reference,2000-10-14,34,68,0.933
108,reference,2000-10-28,35,70,0.754
108,reference,2000-11-12,36,72,0.759
108,reference,2000-11-25,37,74,0.658
110,reference,1999-08-03,1,5,1.151
110,reference,1999-08-13,2,7,1.216
110,reference,1999-08-25,3,8,1.281
110,reference,1999-09-02,4,10,0.75
110,reference,1999-11-01,9,18,0.913
110,reference,1999-11-11,10,20,0.839
110,reference,1999-11-21,11,21,0.953
110,reference,1999-11-30,12,22,0.923
110,reference,1999-12-13,13,24,0.697
110,reference,1999-12-25,14,26,0.498
110,reference,2000-01-09,15,28,0.512
110,reference,2000-01-22,16,30,0.794
110,reference,2000-02-05,17,32,0.627
110,reference,2000-02-20,18,34,0.388
110,reference,2000-03-04,19,36,0.553
110,reference,2000-03-18,20,38,1.079
110,reference,2000-04-03,21,40,0.662
110,reference,2000-04-16,22,42,0.881
110,reference,2000-04-29,23,44,0.967
110,reference,2000-05-13,24,46,0.622
110,reference,2000-05-26,25,48,0.909
110,reference,2000-06-09,26,50,1.06
110,reference,2000-06-25,27,52,1.722
110,reference,2000-07-09,28,54,1.23
110,reference,2000-07-23,29,56,1.663
110,reference,2000-08-05,30,58,0.949
110,reference,2000-09-14,32,64,1.19
110,reference,2000-09-30,33,66,1.305
110,reference,2000-10-14,34,68,1.051
110,reference,2000-10-28,35,70,1.126
110,reference,2000-11-12,36,72,0.732
110,reference,2000-11-25,37,74,0.901
112,reference,1999-08-03,1,5,1.391
112,reference,1999-08-13,2,7,0.99
112,reference,1999-08-25,3,8,1.25
112,reference,1999-09-02,4,10,0.664
112,reference,1999-11-01,9,18,0.504
112,reference,1999-11-11,10,20,0.573
112,reference,1999-11-21,11,21,0.839
112,reference,1999-11-30,12,22,0.628
112,reference,1999-12-13,13,24,0.427
112,reference,1999-12-25,14,26,0.647
112,reference,2000-01-09,15,28,0.42
112,reference,2000-01-22,16,30,0.621
112,reference,2000-02-05,17,32,0.545
112,reference,2000-02-20,18,34,0.463
112,reference,2000-03-04,19,36,0.6
112,reference,2000-03-18,20,38,0.609
112,reference,2000-04-03,21,40,0.657
112,reference,2000-04-16,22,42,0.802
112,reference,2000-04-29,23,44,0.647
112,reference,2000-05-13,24,46,0.481
112,reference,2000-05-26,25,48,1
112,reference,2000-06-09,26,50,0.846
112,reference,2000-06-25,27,52,1.161
112,reference,2000-07-09,28,54,0.996
112,reference,2000-07-23,29,56,0.856
112,reference,2000-08-05,30,58,0.815
112,reference,2000-09-14,32,64,0.909
112,reference,2000-09-30,33,66,1.023
112,reference,2000-10-14,34,68,0.857
112,reference,2000-10-28,35,70,0.701
112,reference,2000-11-12,36,72,0.761
112,reference,2000-11-25,37,74,0.804
114,reference,1999-08-03,1,5,1.133
114,reference,1999-08-13,2,7,1.657
114,reference,1999-08-25,3,8,0.85
114,reference,1999-09-02,4,10,0.722
114,reference,1999-11-01,9,18,0.622
114,reference,1999-11-11,10,20,0.83
114,reference,1999-11-21,11,21,0.462
114,reference,1999-11-30,12,22,0.505
114,reference,1999-12-13,13,24,0.89
114,reference,1999-12-25,14,26,0.701
114,reference,2000-01-09,15,28,0.502
114,reference,2000-01-22,16,30,0.891
114,reference,2000-02-05,17,32,0.463
114,reference,2000-02-20,18,34,0.444
114,reference,2000-03-04,19,36,0.776
114,reference,2000-03-18,20,38,0.507
114,reference,2000-04-03,21,40,0.623
114,reference,2000-04-16,22,42,0.709
114,reference,2000-04-29,23,44,0.399
114,reference,2000-05-13,24,46,0.672
114,reference,2000-05-26,25,48,0.873
114,reference,2000-06-09,26,50,1.863
114,reference,2000-06-25,27,52,0.866
114,reference,2000-07-09,28,54,1.71
114,reference,2000-07-23,29,56,1.043
114,reference,2000-08-05,30,58,0.882
114,reference,2000-09-14,32,64,0.907
114,reference,2000-09-30,33,66,0.895
114,reference,2000-10-14,34,68,0.563
114,reference,2000-10-28,35,70,0.925
114,reference,2000-11-12,36,72,0.598
114,reference,2000-11-25,37,74,0.763
116,reference,1999-08-03,1,5,0.718
116,reference,1999-08-13,2,7,1.694
116,reference,1999-08-25,3,8,1.071
116,reference,1999-09-02,4,10,0.986
116,reference,1999-11-01,9,18,1.142
116,reference,1999-11-11,10,20,0.794
116,reference,1999-11-21,11,21,0.516
116,reference,1999-11-30,12,22,0.659
116,reference,1999-12-13,13,24,1.124
116,reference,1999-12-25,14,26,0.559
116,reference,2000-01-09,15,28,0.706
116,reference,2000-01-22,16,30,0.712
116,reference,2000-02-05,17,32,0.493
116,reference,2000-02-20,18,34,0.529
116,reference,2000-03-04,19,36,0.635
116,reference,2000-03-18,20,38,0.744
116,reference,2000-04-03,21,40,0.792
116,reference,2000-04-16,22,42,0.529
116,reference,2000-04-29,23,44,0.755
116,reference,2000-05-13,24,46,0.471
116,reference,2000-05-26,25,48,0.946
116,reference,2000-06-09,26,50,1.165
116,reference,2000-06-25,27,52,1.872
116,reference,2000-07-09,28,54,1.649
116,reference,2000-07-23,29,56,1.546
116,reference,2000-08-05,30,58,1.046
116,reference,2000-09-14,32,64,0.939
116,reference,2000-09-30,33,66,0.7
116,reference,2000-10-14,34,68,0.67
116,reference,2000-10-28,35,70,0.716
116,reference,2000-11-12,36,72,0.8
116,reference,2000-11-25,37,74,0.732
118,reference,1999-08-03,1,5,0.742
118,reference,1999-08-13,2,7,0.991
118,reference,1999-08-25,3,8,0.694
118,reference,1999-09-02,4,10,0.789
118,reference,1999-11-01,9,18,1.068
118,reference,1999-11-11,10,20,0.694
118,reference,1999-11-21,11,21,0.66
118,reference,1999-11-30,12,22,0.387
118,reference,1999-12-13,13,24,0.483
118,reference,1999-12-25,14,26,0.464
118,reference,2000-01-09,15,28,0.602
118,reference,2000-01-22,16,30,0.559
118,reference,2000-02-05,17,32,0.465
118,reference,2000-02-20,18,34,0.393
118,reference,2000-03-04,19,36,1.152
118,reference,2000-03-18,20,38,0.657
118,reference,2000-04-03,21,40,0.349
118,reference,2000-04-16,22,42,0.9
118,reference,2000-04-29,23,44,0.999
118,reference,2000-05-13,24,46,0.754
118,reference,2000-05-26,25,48,0.673
118,reference,2000-06-09,26,50,0.907
118,reference,2000-06-25,27,52,1.403
118,reference,2000-07-09,28,54,1.391
118,reference,2000-07-23,29,56,1.133
118,reference,2000-08-05,30,58,0.922
118,reference,2000-09-14,32,64,0.751
118,reference,2000-09-30,33,66,0.845
118,reference,2000-10-14,34,68,0.667
118,reference,2000-10-28,35,70,0.587
118,reference,2000-11-12,36,72,0.703
118,reference,2000-11-25,37,74,1.074
120,reference,1999-08-03,1,5,1.153
120,reference,1999-08-13,2,7,1.512
120,reference,1999-08-25,3,8,0.877
120,reference,1999-09-02,4,10,0.853
120,reference,1999-11-01,9,18,1.129
120,reference,1999-11-11,10,20,0.431
120,reference,1999-11-21,11,21,0.682
120,reference,1999-11-30,12,22,0.965
120,reference,1999-12-13,13,24,0.569
120,reference,1999-12-25,14,26,0.446
120,reference,2000-01-09,15,28,0.319
120,reference,2000-01-22,16,30,0.669
120,reference,2000-02-05,17,32,0.571
120,reference,2000-02-20,18,34,0.524
120,reference,2000-03-04,19,36,0.309
120,reference,2000-03-18,20,38,0.414
120,reference,2000-04-03,21,40,0.794
120,reference,2000-04-16,22,42,0.925
120,reference,2000-04-29,23,44,1.002
120,reference,2000-05-13,24,46,1.035
120,reference,2000-05-26,25,48,1.154
120,reference,2000-06-09,26,50,1.011
120,reference,2000-06-25,27,52,1.44
120,reference,2000-07-09,28,54,1.067
120,reference,2000-07-23,29,56,0.979
120,reference,2000-08-05,30,58,0.996
120,reference,2000-09-14,32,64,1.509
120,reference,2000-09-30,33,66,0.748
120,reference,2000-10-14,34,68,0.826
120,reference,2000-10-28,35,70,0.793
120,reference,2000-11-12,36,72,0.555
120,reference,2000-11-25,37,74,0.909
122,reference,1999-08-03,1,5,1.044
122,reference,1999-08-13,2,7,0.794
122,reference,1999-08-25,3,8,0.862
122,reference,1999-09-02,4,10,0.542
122,reference,1999-11-01,9,18,0.515
122,reference,1999-11-11,10,20,0.706
122,reference,1999-11-21,11,21,0.586
122,reference,1999-11-30,12,22,0.355
122,reference,1999-12-13,13,24,0.36
122,reference,1999-12-25,14,26,0.224
122,reference,2000-01-09,15,28,0.471
122,reference,2000-01-22,16,30,0.468
122,reference,2000-02-05,17,32,0.269
122,reference,2000-02-20,18,34,0.278
122,reference,2000-03-04,19,36,0.616
122,reference,2000-03-18,20,38,0.423
122,reference,2000-04-03,21,40,0.457
122,reference,2000-04-16,22,42,0.538
122,reference,2000-04-29,23,44,0.741
122,reference,2000-05-13,24,46,0.489
122,reference,2000-05-26,25,48,0.935
122,reference,2000-06-09,26,50,1.134
122,reference,2000-06-25,27,52,0.616
122,reference,2000-07-09,28,54,0.891
122,reference,2000-07-23,29,56,0.745
122,reference,2000-08-05,30,58,0.75
122,reference,2000-09-14,32,64,1.123
122,reference,2000-09-30,33,66,0.454
122,reference,2000-10-14,34,68,0.687
122,reference,2000-10-28,35,70,0.548
122,reference,2000-11-12,36,72,0.593
122,reference,2000-11-25,37,74,0.632
124,reference,1999-08-03,1,5,1.008
124,reference,1999-08-13,2,7,1.292
124,reference,1999-08-25,3,8,0.762
124,reference,1999-09-02,4,10,0.552
124,reference,1999-11-01,9,18,0.909
124,reference,1999-11-11,10,20,0.65
124,reference,1999-11-21,11,21,0.659
124,reference,1999-11-30,12,22,0.637
124,reference,1999-12-13,13,24,0.357
124,reference,1999-12-25,14,26,0.408
124,reference,2000-01-09,15,28,0.41
124,reference,2000-01-22,16,30,0.564
124,reference,2000-02-05,17,32,0.457
124,reference,2000-02-20,18,34,0.42
124,reference,2000-03-04,19,36,0.576
124,reference,2000-03-18,20,38,0.506
124,reference,2000-04-03,21,40,0.481
124,reference,2000-04-16,22,42,0.477
124,reference,2000-04-29,23,44,1.027
124,reference,2000-05-13,24,46,0.603
124,reference,2000-05-26,25,48,0.999
124,reference,2000-06-09,26,50,1.363
124,reference,2000-06-25,27,52,1.036
124,reference,2000-07-09,28,54,1.003
124,reference,2000-07-23,29,56,0.969
124,reference,2000-08-05,30,58,0.737
124,reference,2000-09-14,32,64,1.015
124,reference,2000-09-30,33,66,0.875
124,reference,2000-10-14,34,68,0.544
124,reference,2000-10-28,35,70,0.813
124,reference,2000-11-12,36,72,0.397
124,reference,2000-11-25,37,74,0.48
126,reference,1999-08-03,1,5,1.031
126,reference,1999-08-13,2,7,1.005
126,reference,1999-08-25,3,8,0.528
126,reference,1999-09-02,4,10,0.547
126,reference,1999-11-01,9,18,0.367
126,reference,1999-11-11,10,20,0.36
126,reference,1999-11-21,11,21,0.317
126,reference,1999-11-30,12,22,0.311
126,reference,1999-12-13,13,24,0.262
126,reference,1999-12-25,14,26,0.502
126,reference,2000-01-09,15,28,0.517
126,reference,2000-01-22,16,30,0.298
126,reference,2000-02-05,17,32,0.278
126,reference,2000-02-20,18,34,0.27
126,reference,2000-03-04,19,36,0.343
126,reference,2000-03-18,20,38,0.403
126,reference,2000-04-03,21,40,0.281
126,reference,2000-04-16,22,42,0.434
126,reference,2000-04-29,23,44,0.745
126,reference,2000-05-13,24,46,0.316
126,reference,2000-05-26,25,48,0.539
126,reference,2000-06-09,26,50,0.65
126,reference,2000-06-25,27,52,0.64
126,reference,2000-07-09,28,54,0.598
126,reference,2000-07-23,29,56,0.548
126,reference,2000-08-05,30,58,0.907
126,reference,2000-09-14,32,64,0.507
126,reference,2000-09-30,33,66,0.458
126,reference,2000-10-14,34,68,0.545
126,reference,2000-10-28,35,70,0.514
126,reference,2000-11-12,36,72,0.318
126,reference,2000-11-25,37,74,0.462
128,reference,1999-08-03,1,5,0.888
128,reference,1999-08-13,2,7,1.009
128,reference,1999-08-25,3,8,1.119
128,reference,1999-09-02,4,10,0.856
128,reference,1999-11-01,9,18,0.477
128,reference,1999-11-11,10,20,0.584
128,reference,1999-11-21,11,21,0.577
128,reference,1999-11-30,12,22,0.477
128,reference,1999-12-13,13,24,0.645
128,reference,1999-12-25,14,26,0.711
128,reference,2000-01-09,15,28,0.444
128,reference,2000-01-22,16,30,0.345
128,reference,2000-02-05,17,32,0.608
128,reference,2000-02-20,18,34,0.578
128,reference,2000-03-04,19,36,0.539
128,reference,2000-03-18,20,38,0.6
128,reference,2000-04-03,21,40,0.591
128,reference,2000-04-16,22,42,0.527
128,reference,2000-04-29,23,44,0.735
128,reference,2000-05-13,24,46,0.846
128,reference,2000-05-26,25,48,0.786
128,reference,2000-06-09,26,50,1.145
128,reference,2000-06-25,27,52,0.929
128,reference,2000-07-09,28,54,1.104
128,reference,2000-07-23,29,56,0.875
128,reference,2000-08-05,30,58,1.247
128,reference,2000-09-14,32,64,1.005
128,reference,2000-09-30,33,66,0.944
128,reference,2000-10-14,34,68,0.614
128,reference,2000-10-28,35,70,0.737
128,reference,2000-11-12,36,72,0.557
128,reference,2000-11-25,37,74,0.531
130,reference,1999-08-03,1,5,1.215
130,reference,1999-08-13,2,7,1.075
130,reference,1999-08-25,3,8,0.93
130,reference,1999-09-02,4,10,0.699
130,reference,1999-11-01,9,18,0.514
130,reference,1999-11-11,10,20,0.791
130,reference,1999-11-21,11,21,0.599
130,reference,1999-11-30,12,22,0.551
130,reference,1999-12-13,13,24,0.47
130,reference,1999-12-25,14,26,0.42
130,reference,2000-01-09,15,28,0.461
130,reference,2000-01-22,16,30,0.667
130,reference,2000-02-05,17,32,0.674
130,reference,2000-02-20,18,34,0.842
130,reference,2000-03-04,19,36,0.518
130,reference,2000-03-18,20,38,0.748
130,reference,2000-04-03,21,40,0.696
130,reference,2000-04-16,22,42,0.758
130,reference,2000-04-29,23,44,0.755
130,reference,2000-05-13,24,46,1.032
130,reference,2000-05-26,25,48,0.862
130,reference,2000-06-09,26,50,1.187
130,reference,2000-06-25,27,52,1.175
130,reference,2000-07-09,28,54,0.871
130,reference,2000-07-23,29,56,1.462
130,reference,2000-08-05,30,58,0.986
130,reference,2000-09-14,32,64,1.211
130,reference,2000-09-30,33,66,1.158
130,reference,2000-10-14,34,68,0.787
130,reference,2000-10-28,35,70,0.952
130,reference,2000-11-12,36,72,0.742
130,reference,2000-11-25,37,74,0.658
101,summer,1999-08-12,1,7,1.06
101,summer,1999-08-29,2,9,0.955
101,summer,1999-11-03,5,18,0.939
101,summer,1999-11-21,6,21,0.708
101,summer,1999-12-12,7,24,0.661
101,summer,2000-01-10,8,28,0.758
101,summer,2000-02-06,9,32,0.63
101,summer,2000-03-02,10,36,0.803
101,summer,2000-04-02,11,40,0.878
101,summer,2000-04-25,12,43,1.076
101,summer,2000-05-13,13,46,1.052
101,summer,2000-06-01,14,49,1.127
101,summer,2000-06-25,15,52,1.032
101,summer,2000-07-16,16,55,1.083
101,summer,2000-07-31,17,57,0.921
101,summer,2000-09-22,19,65,0.905
101,summer,2000-10-12,20,68,0.766
101,summer,2000-11-03,21,71,0.582
103,summer,1999-08-12,1,7,1.003
103,summer,1999-08-29,2,9,0.975
103,summer,1999-11-03,5,18,0.749
103,summer,1999-11-21,6,21,0.652
103,summer,1999-12-12,7,24,0.527
103,summer,2000-01-10,8,28,0.628
103,summer,2000-02-06,9,32,0.505
103,summer,2000-03-02,10,36,0.713
103,summer,2000-04-02,11,40,0.726
103,summer,2000-04-25,12,43,0.878
103,summer,2000-05-13,13,46,0.919
103,summer,2000-06-01,14,49,0.98
103,summer,2000-06-25,15,52,0.941
103,summer,2000-07-16,16,55,0.978
103,summer,2000-07-31,17,57,0.843
103,summer,2000-09-22,19,65,0.83
103,summer,2000-10-12,20,68,0.688
103,summer,2000-11-03,21,71,0.565
105,summer,1999-08-12,1,7,1.179
105,summer,1999-08-29,2,9,1.04
105,summer,1999-11-03,5,18,1.032
105,summer,1999-11-21,6,21,0.764
105,summer,1999-12-12,7,24,0.723
105,summer,2000-01-10,8,28,0.731
105,summer,2000-02-06,9,32,0.549
105,summer,2000-03-02,10,36,0.814
105,summer,2000-04-02,11,40,0.807
105,summer,2000-04-25,12,43,0.999
105,summer,2000-05-13,13,46,1.065
105,summer,2000-06-01,14,49,1.252
105,summer,2000-06-25,15,52,1.074
105,summer,2000-07-16,16,55,1.124
105,summer,2000-07-31,17,57,1.009
105,summer,2000-09-22,19,65,0.978
105,summer,2000-10-12,20,68,0.846
105,summer,2000-11-03,21,71,0.682
107,summer,1999-08-12,1,7,1.234
107,summer,1999-08-29,2,9,0.902
107,summer,1999-11-03,5,18,0.629
107,summer,1999-11-21,6,21,0.524
107,summer,1999-12-12,7,24,0.47
107,summer,2000-01-10,8,28,0.448
107,summer,2000-02-06,9,32,0.467
107,summer,2000-03-02,10,36,0.497
107,summer,2000-04-02,11,40,0.599
107,summer,2000-04-25,12,43,0.665
107,summer,2000-05-13,13,46,0.848
107,summer,2000-06-01,14,49,0.789
107,summer,2000-06-25,15,52,0.936
107,summer,2000-07-16,16,55,0.924
107,summer,2000-07-31,17,57,0.875
107,summer,2000-09-22,19,65,0.723
107,summer,2000-10-12,20,68,0.751
107,summer,2000-11-03,21,71,0.634
109,summer,1999-08-12,1,7,1.119
109,summer,1999-08-29,2,9,0.879
109,summer,1999-11-03,5,18,0.736
109,summer,1999-11-21,6,21,0.66
109,summer,1999-12-12,7,24,0.578
109,summer,2000-01-10,8,28,0.517
109,summer,2000-02-06,9,32,0.525
109,summer,2000-03-02,10,36,0.571
109,summer,2000-04-02,11,40,0.643
109,summer,2000-04-25,12,43,0.751
109,summer,2000-05-13,13,46,0.936
109,summer,2000-06-01,14,49,0.863
109,summer,2000-06-25,15,52,0.894
109,summer,2000-07-16,16,55,0.836
109,summer,2000-07-31,17,57,0.888
109,summer,2000-09-22,19,65,0.738
109,summer,2000-10-12,20,68,0.646
109,summer,2000-11-03,21,71,0.55
111,summer,1999-08-12,1,7,1.114
111,summer,1999-08-29,2,9,0.932
111,summer,1999-11-03,5,18,0.774
111,summer,1999-11-21,6,21,0.7
111,summer,1999-12-12,7,24,0.604
111,summer,2000-01-10,8,28,0.561
111,summer,2000-02-06,9,32,0.548
111,summer,2000-03-02,10,36,0.598
111,summer,2000-04-02,11,40,0.789
111,summer,2000-04-25,12,43,0.78
111,summer,2000-05-13,13,46,0.942
111,summer,2000-06-01,14,49,0.972
111,summer,2000-06-25,15,52,1.015
111,summer,2000-07-16,16,55,1.07
111,summer,2000-07-31,17,57,1
111,summer,2000-09-22,19,65,0.916
111,summer,2000-10-12,20,68,0.791
111,summer,2000-11-03,21,71,0.774
113,summer,1999-08-12,1,7,0.969
113,summer,1999-08-29,2,9,0.973
113,summer,1999-11-03,5,18,0.79
113,summer,1999-11-21,6,21,0.645
113,summer,1999-12-12,7,24,0.552
113,summer,2000-01-10,8,28,0.487
113,summer,2000-02-06,9,32,0.443
113,summer,2000-03-02,10,36,0.492
113,summer,2000-04-02,11,40,0.591
113,summer,2000-04-25,12,43,0.63
113,summer,2000-05-13,13,46,0.76
113,summer,2000-06-01,14,49,0.854
113,summer,2000-06-25,15,52,0.862
113,summer,2000-07-16,16,55,0.884
113,summer,2000-07-31,17,57,0.833
113,summer,2000-09-22,19,65,0.764
113,summer,2000-10-12,20,68,0.648
113,summer,2000-11-03,21,71,0.616
115,summer,1999-08-12,1,7,1.097
115,summer,1999-08-29,2,9,0.965
115,summer,1999-11-03,5,18,0.808
115,summer,1999-11-21,6,21,0.62
115,summer,1999-12-12,7,24,0.686
115,summer,2000-01-10,8,28,0.489
115,summer,2000-02-06,9,32,0.501
115,summer,2000-03-02,10,36,0.534
115,summer,2000-04-02,11,40,0.617
115,summer,2000-04-25,12,43,0.711
115,summer,2000-05-13,13,46,0.798
115,summer,2000-06-01,14,49,0.921
115,summer,2000-06-25,15,52,1.025
115,summer,2000-07-16,16,55,0.939
115,summer,2000-07-31,17,57,0.924
115,summer,2000-09-22,19,65,0.837
115,summer,2000-10-12,20,68,0.68
115,summer,2000-11-03,21,71,0.576
117,summer,1999-08-12,1,7,1.058
117,summer,1999-08-29,2,9,0.878
117,summer,1999-11-03,5,18,0.768
117,summer,1999-11-21,6,21,0.729
117,summer,1999-12-12,7,24,0.565
117,summer,2000-01-10,8,28,0.657
117,summer,2000-02-06,9,32,0.53
117,summer,2000-03-02,10,36,0.732
117,summer,2000-04-02,11,40,0.787
117,summer,2000-04-25,12,43,0.993
117,summer,2000-05-13,13,46,1.038
117,summer,2000-06-01,14,49,1.257
117,summer,2000-06-25,15,52,1.091
117,summer,2000-07-16,16,55,1.199
117,summer,2000-07-31,17,57,1.092
117,summer,2000-09-22,19,65,1.029
117,summer,2000-10-12,20,68,0.885
117,summer,2000-11-03,21,71,0.681
119,summer,1999-08-12,1,7,0.973
119,summer,1999-08-29,2,9,0.812
119,summer,1999-11-03,5,18,0.885
119,summer,1999-11-21,6,21,0.672
119,summer,1999-12-12,7,24,0.643
119,summer,2000-01-10,8,28,0.456
119,summer,2000-02-06,9,32,0.476
119,summer,2000-03-02,10,36,0.541
119,summer,2000-04-02,11,40,0.608
119,summer,2000-04-25,12,43,0.676
119,summer,2000-05-13,13,46,0.783
119,summer,2000-06-01,14,49,0.871
119,summer,2000-06-25,15,52,0.864
119,summer,2000-07-16,16,55,0.913
119,summer,2000-07-31,17,57,0.922
119,summer,2000-09-22,19,65,0.824
119,summer,2000-10-12,20,68,0.743
119,summer,2000-11-03,21,71,0.632
121,summer,1999-08-12,1,7,0.822
121,summer,1999-08-29,2,9,0.67
121,summer,1999-11-03,5,18,0.775
121,summer,1999-11-21,6,21,0.649
121,summer,1999-12-12,7,24,0.725
121,summer,2000-01-10,8,28,0.404
121,summer,2000-02-06,9,32,0.37
121,summer,2000-03-02,10,36,0.527
121,summer,2000-04-02,11,40,0.506
121,summer,2000-04-25,12,43,0.587
121,summer,2000-05-13,13,46,0.661
121,summer,2000-06-01,14,49,0.741
121,summer,2000-06-25,15,52,0.648
121,summer,2000-07-16,16,55,0.681
121,summer,2000-07-31,17,57,0.651
121,summer,2000-09-22,19,65,0.629
121,summer,2000-10-12,20,68,0.586
121,summer,2000-11-03,21,71,0.516
123,summer,1999-08-12,1,7,1.014
123,summer,1999-08-29,2,9,0.715
123,summer,1999-11-03,5,18,0.736
123,summer,1999-11-21,6,21,0.68
123,summer,1999-12-12,7,24,0.608
123,summer,2000-01-10,8,28,0.55
123,summer,2000-02-06,9,32,0.504
123,summer,2000-03-02,10,36,0.673
123,summer,2000-04-02,11,40,0.73
123,summer,2000-04-25,12,43,0.867
123,summer,2000-05-13,13,46,0.858
123,summer,2000-06-01,14,49,1.184
123,summer,2000-06-25,15,52,0.85
123,summer,2000-07-16,16,55,0.963
123,summer,2000-07-31,17,57,0.864
123,summer,2000-09-22,19,65,0.832
123,summer,2000-10-12,20,68,0.744
123,summer,2000-11-03,21,71,0.583
125,summer,1999-08-12,1,7,0.988
125,summer,1999-08-29,2,9,0.804
125,summer,1999-11-03,5,18,0.774
125,summer,1999-11-21,6,21,0.605
125,summer,1999-12-12,7,24,0.669
125,summer,2000-01-10,8,28,0.495
125,summer,2000-02-06,9,32,0.424
125,summer,2000-03-02,10,36,0.599
125,summer,2000-04-02,11,40,0.681
125,summer,2000-04-25,12,43,0.842
125,summer,2000-05-13,13,46,0.887
125,summer,2000-06-01,14,49,0.933
125,summer,2000-06-25,15,52,0.897
125,summer,2000-07-16,16,55,0.938
125,summer,2000-07-31,17,57,0.823
125,summer,2000-09-22,19,65,0.757
125,summer,2000-10-12,20,68,0.708
125,summer,2000-11-03,21,71,0.528
127,summer,1999-08-12,1,7,0.812
127,summer,1999-08-29,2,9,0.808
127,summer,1999-11-03,5,18,0.804
127,summer,1999-11-21,6,21,0.739
127,summer,1999-12-12,7,24,0.584
127,summer,2000-01-10,8,28,0.552
127,summer,2000-02-06,9,32,0.493
127,summer,2000-03-02,10,36,0.624
127,summer,2000-04-02,11,40,0.772
127,summer,2000-04-25,12,43,0.934
127,summer,2000-05-13,13,46,0.88
127,summer,2000-06-01,14,49,1.072
127,summer,2000-06-25,15,52,0.997
127,summer,2000-07-16,16,55,1.214
127,summer,2000-07-31,17,57,0.966
127,summer,2000-09-22,19,65,0.999
127,summer,2000-10-12,20,68,0.915
127,summer,2000-11-03,21,71,0.74
131,winter,2000-02-29,1,35,0.734
131,winter,2000-04-01,2,40,0.789
131,winter,2000-04-27,3,44,0.902
131,winter,2000-05-15,4,46,1.105
131,winter,2000-06-08,5,50,1.239
131,winter,2000-06-29,6,53,1.165
131,winter,2000-07-17,7,55,1.196
131,winter,2000-08-05,8,58,1.086
131,winter,2000-09-23,10,65,0.972
131,winter,2000-10-14,11,68,0.856
131,winter,2000-11-06,12,71,0.727
131,winter,2000-12-04,13,75,0.583
133,winter,2000-02-29,1,35,0.557
133,winter,2000-04-01,2,40,0.674
133,winter,2000-04-27,3,44,0.698
133,winter,2000-05-15,4,46,0.836
133,winter,2000-06-08,5,50,0.861
133,winter,2000-06-29,6,53,0.835
133,winter,2000-07-17,7,55,0.822
133,winter,2000-08-05,8,58,0.773
133,winter,2000-09-23,10,65,0.654
133,winter,2000-10-14,11,68,0.561
133,winter,2000-11-06,12,71,0.518
133,winter,2000-12-04,13,75,0.444
135,winter,2000-02-29,1,35,0.582
135,winter,2000-04-01,2,40,0.64
135,winter,2000-04-27,3,44,0.727
135,winter,2000-05-15,4,46,0.855
135,winter,2000-06-08,5,50,0.989
135,winter,2000-06-29,6,53,0.885
135,winter,2000-07-17,7,55,0.912
135,winter,2000-08-05,8,58,0.808
135,winter,2000-09-23,10,65,0.744
135,winter,2000-10-14,11,68,0.634
135,winter,2000-11-06,12,71,0.535
135,winter,2000-12-04,13,75,0.452
137,winter,2000-02-29,1,35,0.596
137,winter,2000-04-01,2,40,0.622
137,winter,2000-04-27,3,44,0.965
137,winter,2000-05-15,4,46,0.804
137,winter,2000-06-08,5,50,0.882
137,winter,2000-06-29,6,53,0.883
137,winter,2000-07-17,7,55,0.852
137,winter,2000-08-05,8,58,0.729
137,winter,2000-09-23,10,65,0.695
137,winter,2000-10-14,11,68,0.64
137,winter,2000-11-06,12,71,0.478
137,winter,2000-12-04,13,75,0.469
139,winter,2000-02-29,1,35,0.588
139,winter,2000-04-01,2,40,0.639
139,winter,2000-04-27,3,44,0.666
139,winter,2000-05-15,4,46,0.849
139,winter,2000-06-08,5,50,0.86
139,winter,2000-06-29,6,53,0.872
139,winter,2000-07-17,7,55,0.838
139,winter,2000-08-05,8,58,0.74
139,winter,2000-09-23,10,65,0.709
139,winter,2000-10-14,11,68,0.598
139,winter,2000-11-06,12,71,0.467
139,winter,2000-12-04,13,75,0.439
